,Links,Title,Details,Price,Ratings
0,,,,,
1,https://www.airbnb.co.in/rooms/669305550735724654?category_tag=Tag%3A8678&enable_m3_private_room=true&check_in=2023-07-05&check_out=2023-07-07&source_impression_id=p3_1688579135_vO41hs4djIEnzLyq&previous_page_section_name=1000&federated_search_id=1da98ac7-a814-4651-9983-0f1d6778c9a5,Room in Mumbai,Stay with Dhruv,", ",4.86 (37)
2,https://www.airbnb.co.in/rooms/41658357?check_in=2023-07-05&check_out=2023-07-07&source_impression_id=p3_1688579135_njZ%2BeH%2BsZvFsCSWn&previous_page_section_name=1000&federated_search_id=1da98ac7-a814-4651-9983-0f1d6778c9a5,Flat in Mumbai,1 queen bed,"₹3,993 per night",4.64 (88)
3,https://www.airbnb.co.in/rooms/47740615?check_in=2023-07-05&check_out=2023-07-07&source_impression_id=p3_1688579135_j8Y7SbcZwspmL8sH&previous_page_section_name=1000&federated_search_id=1da98ac7-a814-4651-9983-0f1d6778c9a5,Shared room in Mumbai,10 single beds,₹650 per night,4.62 (121)
4,https://www.airbnb.co.in/rooms/53958788?check_in=2023-07-05&check_out=2023-07-07&source_impression_id=p3_1688579135_f2nnmk%2BQXIabuSox&previous_page_section_name=1000&federated_search_id=1da98ac7-a814-4651-9983-0f1d6778c9a5,Home in Mumbai,2 beds,"₹2,625 per night",4.53 (40)
5,https://www.airbnb.co.in/rooms/52397490?check_in=2023-07-05&check_out=2023-07-07&source_impression_id=p3_1688579135_HNRZmc56Cy2knK5o&previous_page_section_name=1000&federated_search_id=1da98ac7-a814-4651-9983-0f1d6778c9a5,Flat in Antarli,1 bed,"₹1,769 per night",4.82 (33)
6,https://www.airbnb.co.in/rooms/687507663236916603?check_in=2023-07-05&check_out=2023-07-07&source_impression_id=p3_1688579135_V6cudomoKk9foPcn&previous_page_section_name=1000&federated_search_id=1da98ac7-a814-4651-9983-0f1d6778c9a5,Holiday home in Mapgaon,2 king beds,"₹3,652 per night, originally ₹6,047",4.95 (80)
7,https://www.airbnb.co.in/rooms/618656020736022975?check_in=2023-07-05&check_out=2023-07-07&source_impression_id=p3_1688579135_1ehafcvH7DF3UJsY&previous_page_section_name=1000&federated_search_id=1da98ac7-a814-4651-9983-0f1d6778c9a5,Cabin in Chouk,1 bed,"₹4,023 per night",4.75 (63)
8,https://www.airbnb.co.in/rooms/645438661271033336?check_in=2023-07-05&check_out=2023-07-07&source_impression_id=p3_1688579135_%2F0GtuU%2B74uJrcsSU&previous_page_section_name=1000&federated_search_id=1da98ac7-a814-4651-9983-0f1d6778c9a5,Apartment in Thane,1 bed,"₹2,168 per night",4.38 (26)
9,https://www.airbnb.co.in/rooms/592532541744499119?category_tag=Tag%3A8678&enable_m3_private_room=true&check_in=2023-07-05&check_out=2023-07-07&source_impression_id=p3_1688579135_v3Ob9KDbRdUU5Ldx&previous_page_section_name=1000&federated_search_id=1da98ac7-a814-4651-9983-0f1d6778c9a5,Room in Kamshet,Stay with Karthikeyan,", ",4.5 (10)
10,https://www.airbnb.co.in/rooms/793124795557386975?check_in=2023-07-05&check_out=2023-07-07&source_impression_id=p3_1688579135_KFbYsjbpn06jPHYm&previous_page_section_name=1000&federated_search_id=1da98ac7-a814-4651-9983-0f1d6778c9a5,Place to stay in Pune,1 double bed,"₹750 per night, originally ₹914",New
11,https://www.airbnb.co.in/rooms/695340371204264500?check_in=2023-07-05&check_out=2023-07-07&source_impression_id=p3_1688579135_t%2Fsr5KT8BDHSVQDy&previous_page_section_name=1000&federated_search_id=1da98ac7-a814-4651-9983-0f1d6778c9a5,Apartment in Pune,2 beds,"₹2,760 per night",4.88 (17)
12,https://www.airbnb.co.in/rooms/637440082591707806?category_tag=Tag%3A8678&enable_m3_private_room=true&check_in=2023-07-05&check_out=2023-07-07&source_impression_id=p3_1688579135_ggAvrhwQoTYigst8&previous_page_section_name=1000&federated_search_id=1da98ac7-a814-4651-9983-0f1d6778c9a5,Room in Mulshi,Stay with Kavita,"₹9,130 per night",5.0 (11)
13,https://www.airbnb.co.in/rooms/32703671?category_tag=Tag%3A8678&enable_m3_private_room=true&check_in=2023-07-05&check_out=2023-07-07&source_impression_id=p3_1688579135_knLlGGa8phsnQYEa&previous_page_section_name=1000&federated_search_id=1da98ac7-a814-4651-9983-0f1d6778c9a5,Room in Mahabaleshwar,Stay with Mr & Mrs Chinoy,", ",4.4 (50)
14,https://www.airbnb.co.in/rooms/47342003?check_in=2023-07-05&check_out=2023-07-07&source_impression_id=p3_1688579135_pKkmJem0uSlXq94P&previous_page_section_name=1000&federated_search_id=1da98ac7-a814-4651-9983-0f1d6778c9a5,Flat in Bhilpada,5 beds,"₹965 per night, originally ₹4,112",4.79 (42)
15,https://www.airbnb.co.in/rooms/761843801163312248?category_tag=Tag%3A8678&enable_m3_private_room=true&check_in=2023-07-05&check_out=2023-07-07&source_impression_id=p3_1688579135_KJLNlalI0YqBoLYW&previous_page_section_name=1000&federated_search_id=1da98ac7-a814-4651-9983-0f1d6778c9a5,Room in Velhe,Stay with Ishwari,"₹2,164 per night, originally ₹3,457",5.0 (10)
16,https://www.airbnb.co.in/rooms/923893391757325909?check_in=2023-07-05&check_out=2023-07-07&source_impression_id=p3_1688579135_AXLFanqbETJDPIAQ&previous_page_section_name=1000&federated_search_id=1da98ac7-a814-4651-9983-0f1d6778c9a5,Shared room in Salokh,40 beds,"₹913 per night, originally ₹1,113",New
17,https://www.airbnb.co.in/rooms/51509285?check_in=2023-07-05&check_out=2023-07-07&source_impression_id=p3_1688579135_nS13LI5sveGuDze3&previous_page_section_name=1000&federated_search_id=1da98ac7-a814-4651-9983-0f1d6778c9a5,Farm stay in Shahapur,1 king bed,"₹3,652 per night, originally ₹4,439",4.8 (5)
18,https://www.airbnb.co.in/rooms/684710792696800326?check_in=2023-07-05&check_out=2023-07-07&source_impression_id=p3_1688579135_30ydUacDF6KojM65&previous_page_section_name=1000&federated_search_id=1da98ac7-a814-4651-9983-0f1d6778c9a5,Cottage in Neral,4 beds,"₹1,077 per night",4.71 (7)
19,https://www.airbnb.co.in/rooms/724362572611873250?check_in=2023-07-05&check_out=2023-07-07&source_impression_id=p3_1688579145_1FsAelsUH4n%2B8LBj&previous_page_section_name=1000&federated_search_id=ccc7caec-052e-4fa7-8d7b-5cb9fa5b45ec,Villa in Mumbai,4 beds,"₹19,254 per night",5.0 (3)
20,https://www.airbnb.co.in/rooms/48519312?check_in=2023-07-05&check_out=2023-07-07&source_impression_id=p3_1688579145_bgKIrdQXQYKlb4uX&previous_page_section_name=1000&federated_search_id=ccc7caec-052e-4fa7-8d7b-5cb9fa5b45ec,Shared room in Mumbai,1 single bed,₹936 per night,5.0 (3)
21,https://www.airbnb.co.in/rooms/684710792696800326?check_in=2023-07-05&check_out=2023-07-07&source_impression_id=p3_1688579145_iEaHTTU5NmxIXSGW&previous_page_section_name=1000&federated_search_id=ccc7caec-052e-4fa7-8d7b-5cb9fa5b45ec,Cottage in Neral,4 beds,"₹1,077 per night",4.71 (7)
22,https://www.airbnb.co.in/rooms/761843801163312248?category_tag=Tag%3A8678&enable_m3_private_room=true&check_in=2023-07-05&check_out=2023-07-07&source_impression_id=p3_1688579145_EnarQjb%2FbkKOOYH5&previous_page_section_name=1000&federated_search_id=ccc7caec-052e-4fa7-8d7b-5cb9fa5b45ec,Room in Velhe,Stay with Ishwari,"₹2,164 per night, originally ₹3,457",5.0 (10)
23,https://www.airbnb.co.in/rooms/926486203520992640?check_in=2023-07-05&check_out=2023-07-07&source_impression_id=p3_1688579145_3OMVMUkDgPRvtYIo&previous_page_section_name=1000&federated_search_id=ccc7caec-052e-4fa7-8d7b-5cb9fa5b45ec,Home in Maldunge,1 bed,"₹2,739 per night, originally ₹3,339",New
24,https://www.airbnb.co.in/rooms/52230179?check_in=2023-07-05&check_out=2023-07-07&source_impression_id=p3_1688579145_8YplEKxkGHB4qeZI&previous_page_section_name=1000&federated_search_id=ccc7caec-052e-4fa7-8d7b-5cb9fa5b45ec,Cottage in Shivane,1 king bed,"₹4,565 per night",4.31 (16)
25,https://www.airbnb.co.in/rooms/41658357?check_in=2023-07-05&check_out=2023-07-07&source_impression_id=p3_1688579145_qhpssNbsRuGnl%2Fdg&previous_page_section_name=1000&federated_search_id=ccc7caec-052e-4fa7-8d7b-5cb9fa5b45ec,Flat in Mumbai,1 queen bed,"₹3,993 per night",4.64 (88)
26,https://www.airbnb.co.in/rooms/669305550735724654?category_tag=Tag%3A8678&enable_m3_private_room=true&check_in=2023-07-05&check_out=2023-07-07&source_impression_id=p3_1688579145_7XczvCQDBgpDTBAj&previous_page_section_name=1000&federated_search_id=ccc7caec-052e-4fa7-8d7b-5cb9fa5b45ec,Room in Mumbai,Stay with Dhruv,", ",4.86 (37)
27,https://www.airbnb.co.in/rooms/42288681?check_in=2023-07-05&check_out=2023-07-07&source_impression_id=p3_1688579145_H8d6mwjQiEHv4Dz2&previous_page_section_name=1000&federated_search_id=ccc7caec-052e-4fa7-8d7b-5cb9fa5b45ec,Flat in Mumbai,1 king bed,"₹3,652 per night, originally ₹4,439",4.81 (69)
28,https://www.airbnb.co.in/rooms/698914839401359994?check_in=2023-07-05&check_out=2023-07-07&source_impression_id=p3_1688579145_O%2Fn9Qu9hINWA9TrA&previous_page_section_name=1000&federated_search_id=ccc7caec-052e-4fa7-8d7b-5cb9fa5b45ec,Place to stay in Mumbai,1 bed,"₹2,283 per night",5.0 (4)
29,https://www.airbnb.co.in/rooms/838125814506335286?check_in=2023-07-05&check_out=2023-07-07&source_impression_id=p3_1688579145_ysFDrTpBbXpIbBlC&previous_page_section_name=1000&federated_search_id=ccc7caec-052e-4fa7-8d7b-5cb9fa5b45ec,Flat in Mumbai,1 bed,"₹3,594 per night",4.8 (10)
30,https://www.airbnb.co.in/rooms/811909267204252087?check_in=2023-07-05&check_out=2023-07-07&source_impression_id=p3_1688579145_63tCRM0ustqHVWRR&previous_page_section_name=1000&federated_search_id=ccc7caec-052e-4fa7-8d7b-5cb9fa5b45ec,Place to stay in Mumbai,1 bed,"₹1,902 per night",4.4 (10)
31,https://www.airbnb.co.in/rooms/11693212?category_tag=Tag%3A8678&enable_m3_private_room=true&check_in=2023-07-05&check_out=2023-07-07&source_impression_id=p3_1688579145_Vq1YrC2dP1xEyjYf&previous_page_section_name=1000&federated_search_id=ccc7caec-052e-4fa7-8d7b-5cb9fa5b45ec,Room in Mumbai,Stay with Sunaina,", ",4.79 (33)
32,https://www.airbnb.co.in/rooms/657853160607911194?category_tag=Tag%3A8678&enable_m3_private_room=true&check_in=2023-07-05&check_out=2023-07-07&source_impression_id=p3_1688579145_4eKyCne9zs1JlHD9&previous_page_section_name=1000&federated_search_id=ccc7caec-052e-4fa7-8d7b-5cb9fa5b45ec,Room in Mumbai,Stay with Dhruv,", ",4.82 (44)
33,https://www.airbnb.co.in/rooms/677139856372197158?check_in=2023-07-05&check_out=2023-07-07&source_impression_id=p3_1688579145_g93XsHroZRL3DPbP&previous_page_section_name=1000&federated_search_id=ccc7caec-052e-4fa7-8d7b-5cb9fa5b45ec,Flat in Mumbai,1 bed,"₹6,051 per night, originally ₹7,020",4.81 (27)
34,https://www.airbnb.co.in/rooms/745600203553303548?category_tag=Tag%3A8678&enable_m3_private_room=true&check_in=2023-07-05&check_out=2023-07-07&source_impression_id=p3_1688579145_BLLZ8waUA8y7FleQ&previous_page_section_name=1000&federated_search_id=ccc7caec-052e-4fa7-8d7b-5cb9fa5b45ec,Room in Mumbai,Stay with Arjun,", ",4.81 (16)
35,https://www.airbnb.co.in/rooms/823523813790880113?check_in=2023-07-05&check_out=2023-07-07&source_impression_id=p3_1688579145_tdDkJDl8sA3Lg2RW&previous_page_section_name=1000&federated_search_id=ccc7caec-052e-4fa7-8d7b-5cb9fa5b45ec,Place to stay in Mumbai,1 bed,"₹2,967 per night",5.0 (7)
36,https://www.airbnb.co.in/rooms/692671083528638934?check_in=2023-07-05&check_out=2023-07-07&source_impression_id=p3_1688579147_28t90GUowKGHJl%2BH&previous_page_section_name=1000&federated_search_id=6ef2925f-4630-47dd-8602-cd2168bf6b02,Apartment in Versova,1 bed,"₹5,706 per night",4.64 (22)
37,https://www.airbnb.co.in/rooms/847812482396863428?category_tag=Tag%3A8678&enable_m3_private_room=true&check_in=2023-07-05&check_out=2023-07-07&source_impression_id=p3_1688579147_pajatIHFh5IoDVuI&previous_page_section_name=1000&federated_search_id=6ef2925f-4630-47dd-8602-cd2168bf6b02,Room in Bandra - Khar,Stay with Manisha,"₹2,281 per night",5.0 (4)
38,https://www.airbnb.co.in/rooms/583907374409782078?check_in=2023-07-05&check_out=2023-07-07&source_impression_id=p3_1688579147_8uX3023CK%2FzqJDZO&previous_page_section_name=1000&federated_search_id=6ef2925f-4630-47dd-8602-cd2168bf6b02,Apartment in Bandra - Khar,2 beds,"₹6,056 per night",4.82 (34)
39,https://www.airbnb.co.in/rooms/710546979640812357?check_in=2023-07-05&check_out=2023-07-07&source_impression_id=p3_1688579147_CfkD%2B%2BXWzJB4M6C%2B&previous_page_section_name=1000&federated_search_id=6ef2925f-4630-47dd-8602-cd2168bf6b02,Flat in Bandra - Khar,1 bed,"₹5,991 per night",4.6 (10)
40,https://www.airbnb.co.in/rooms/664866454022389878?category_tag=Tag%3A8678&enable_m3_private_room=true&check_in=2023-07-05&check_out=2023-07-07&source_impression_id=p3_1688579147_jCIcqRsKA29cpJOX&previous_page_section_name=1000&federated_search_id=6ef2925f-4630-47dd-8602-cd2168bf6b02,Room in Goregaon East,Stay with Chetna,"₹2,739 per night",4.88 (34)
41,https://www.airbnb.co.in/rooms/917988833002062817?check_in=2023-07-05&check_out=2023-07-07&source_impression_id=p3_1688579147_EuWwUVMRLV4deL5t&previous_page_section_name=1000&federated_search_id=6ef2925f-4630-47dd-8602-cd2168bf6b02,Hotel in Versova,1 bed,"₹2,739 per night",4.75 (4)
42,https://www.airbnb.co.in/rooms/745600203553303548?category_tag=Tag%3A8678&enable_m3_private_room=true&check_in=2023-07-05&check_out=2023-07-07&source_impression_id=p3_1688579147_lQyU5HPjWP5ocyvg&previous_page_section_name=1000&federated_search_id=6ef2925f-4630-47dd-8602-cd2168bf6b02,Room in Versova,Stay with Arjun,", ",4.81 (16)
43,https://www.airbnb.co.in/rooms/47737832?category_tag=Tag%3A8678&enable_m3_private_room=true&check_in=2023-07-05&check_out=2023-07-07&source_impression_id=p3_1688579147_L2%2F%2FjWoeCB85nv5g&previous_page_section_name=1000&federated_search_id=6ef2925f-4630-47dd-8602-cd2168bf6b02,Room in Bandra - Khar,Stay with Connekt,", ",4.83 (24)
44,https://www.airbnb.co.in/rooms/755603069485296083?check_in=2023-07-05&check_out=2023-07-07&source_impression_id=p3_1688579147_WF6QnMIYCYjCLgnS&previous_page_section_name=1000&federated_search_id=6ef2925f-4630-47dd-8602-cd2168bf6b02,Flat in Versova,1 bed,"₹3,424 per night",4.3 (10)
45,https://www.airbnb.co.in/rooms/53909640?check_in=2023-07-05&check_out=2023-07-07&source_impression_id=p3_1688579147_7SF%2BPmyzrKg2wauL&previous_page_section_name=1000&federated_search_id=6ef2925f-4630-47dd-8602-cd2168bf6b02,Flat in Bandra - Khar,1 bed,"₹6,017 per night",4.8 (10)
46,https://www.airbnb.co.in/rooms/802763206660725024?category_tag=Tag%3A8678&enable_m3_private_room=true&check_in=2023-07-05&check_out=2023-07-07&source_impression_id=p3_1688579147_0KfewgMyCYW%2Fcsqy&previous_page_section_name=1000&federated_search_id=6ef2925f-4630-47dd-8602-cd2168bf6b02,Room in Bandra - Khar,Stay with Manisha,"₹2,847 per night, originally ₹3,337",5.0 (8)
47,https://www.airbnb.co.in/rooms/923628714452276025?check_in=2023-07-05&check_out=2023-07-07&source_impression_id=p3_1688579147_hHWe8ibNxDII7WW3&previous_page_section_name=1000&federated_search_id=6ef2925f-4630-47dd-8602-cd2168bf6b02,Shared room in Andheri East,1 bed,"₹822 per night, originally ₹1,002",New
48,https://www.airbnb.co.in/rooms/748531145835727296?category_tag=Tag%3A8678&enable_m3_private_room=true&check_in=2023-07-05&check_out=2023-07-07&source_impression_id=p3_1688579147_rLFp5c3GrEFcWwSB&previous_page_section_name=1000&federated_search_id=6ef2925f-4630-47dd-8602-cd2168bf6b02,Room in Colaba,Stay with Zeenat Khalid Ahmed,"₹2,296 per night, originally ₹4,553",4.62 (21)
49,https://www.airbnb.co.in/rooms/920188778667719567?check_in=2023-07-05&check_out=2023-07-07&source_impression_id=p3_1688579147_%2Fn5V1xSrPQ9YdfYI&previous_page_section_name=1000&federated_search_id=6ef2925f-4630-47dd-8602-cd2168bf6b02,Flat in Bandra - Khar,1 bed,"₹5,136 per night",New
50,https://www.airbnb.co.in/rooms/53390569?check_in=2023-07-05&check_out=2023-07-07&source_impression_id=p3_1688579147_IYYDnsLRyWrfeuJK&previous_page_section_name=1000&federated_search_id=6ef2925f-4630-47dd-8602-cd2168bf6b02,Flat in Vile Parle,2 single beds,"₹3,762 per night, originally ₹4,128",4.2 (20)
51,https://www.airbnb.co.in/rooms/44111882?check_in=2023-07-05&check_out=2023-07-07&source_impression_id=p3_1688579147_iE0QmatdadtXQf4P&previous_page_section_name=1000&federated_search_id=6ef2925f-4630-47dd-8602-cd2168bf6b02,Shared room in Santacruz West,4 bunk beds,₹999 per night,4.79 (34)
52,https://www.airbnb.co.in/rooms/42570772?check_in=2023-07-05&check_out=2023-07-07&source_impression_id=p3_1688579147_Fs48sG43UeiIOqtK&previous_page_section_name=1000&federated_search_id=6ef2925f-4630-47dd-8602-cd2168bf6b02,Place to stay in Bandra - Khar,1 double bed,"₹8,441 per night, originally ₹9,930",4.35 (26)
53,https://www.airbnb.co.in/rooms/596024144419885905?category_tag=Tag%3A8678&enable_m3_private_room=true&check_in=2023-07-05&check_out=2023-07-07&source_impression_id=p3_1688579148_5tdIdmBkvgCNjwgg&previous_page_section_name=1000&federated_search_id=e5f0832f-816a-490e-a125-8dffb6411415,Room in Mumbai,Stay with Mukesh,", ",4.67 (3)
54,https://www.airbnb.co.in/rooms/44110985?check_in=2023-07-05&check_out=2023-07-07&source_impression_id=p3_1688579148_FeoowupHbniqJ56G&previous_page_section_name=1000&federated_search_id=e5f0832f-816a-490e-a125-8dffb6411415,Shared room in Mumbai,4 bunk beds,₹999 per night,4.86 (29)
55,https://www.airbnb.co.in/rooms/52397490?check_in=2023-07-05&check_out=2023-07-07&source_impression_id=p3_1688579148_6FyA%2FwnD2pEOQgcP&previous_page_section_name=1000&federated_search_id=e5f0832f-816a-490e-a125-8dffb6411415,Flat in Antarli,1 bed,"₹1,769 per night",4.82 (33)
56,https://www.airbnb.co.in/rooms/919473140376516754?category_tag=Tag%3A8678&enable_m3_private_room=true&check_in=2023-07-05&check_out=2023-07-07&source_impression_id=p3_1688579148_vR9Pr4ZNPxGixc74&previous_page_section_name=1000&federated_search_id=e5f0832f-816a-490e-a125-8dffb6411415,Room in Mumbai,Stay with Afreen,", ",New
57,https://www.airbnb.co.in/rooms/543151329162103481?category_tag=Tag%3A8678&enable_m3_private_room=true&check_in=2023-07-05&check_out=2023-07-07&source_impression_id=p3_1688579148_ZOywGxc400I17e3U&previous_page_section_name=1000&federated_search_id=e5f0832f-816a-490e-a125-8dffb6411415,Room in Mumbai,Stay with Rishabh,", ",4.95 (37)
58,https://www.airbnb.co.in/rooms/927084798011765093?check_in=2023-07-05&check_out=2023-07-07&source_impression_id=p3_1688579148_%2B%2FYKea17tPtVlzli&previous_page_section_name=1000&federated_search_id=e5f0832f-816a-490e-a125-8dffb6411415,Flat in Mumbai,2 beds,"₹5,349 per night",New
59,https://www.airbnb.co.in/rooms/926704233991983660?check_in=2023-07-05&check_out=2023-07-07&source_impression_id=p3_1688579148_DnsbJYEddgUFW4j2&previous_page_section_name=1000&federated_search_id=e5f0832f-816a-490e-a125-8dffb6411415,Place to stay in Mumbai,1 bed,"₹2,847 per night",New
60,https://www.airbnb.co.in/rooms/35711061?category_tag=Tag%3A8678&enable_m3_private_room=true&check_in=2023-07-05&check_out=2023-07-07&source_impression_id=p3_1688579148_SGYdU27D86FpR1Ic&previous_page_section_name=1000&federated_search_id=e5f0832f-816a-490e-a125-8dffb6411415,Room in Mumbai,Stay with Kishor,", ",4.83 (24)
61,https://www.airbnb.co.in/rooms/53390569?check_in=2023-07-05&check_out=2023-07-07&source_impression_id=p3_1688579148_RpKj1KLHAdAiq8uj&previous_page_section_name=1000&federated_search_id=e5f0832f-816a-490e-a125-8dffb6411415,Flat in Mumbai,2 single beds,"₹3,762 per night, originally ₹4,128",4.2 (20)
62,https://www.airbnb.co.in/rooms/690119517458567372?category_tag=Tag%3A8678&enable_m3_private_room=true&check_in=2023-07-05&check_out=2023-07-07&source_impression_id=p3_1688579148_fQ0cXWZMx7HgF6wX&previous_page_section_name=1000&federated_search_id=e5f0832f-816a-490e-a125-8dffb6411415,Room in Mumbai,Stay with Shreyas,", ",4.85 (27)
63,https://www.airbnb.co.in/rooms/53909640?check_in=2023-07-05&check_out=2023-07-07&source_impression_id=p3_1688579148_BXim%2FVnK1wsbsZ4d&previous_page_section_name=1000&federated_search_id=e5f0832f-816a-490e-a125-8dffb6411415,Flat in Mumbai,1 bed,"₹6,017 per night",4.8 (10)
64,https://www.airbnb.co.in/rooms/819526209833056101?category_tag=Tag%3A8678&enable_m3_private_room=true&check_in=2023-07-05&check_out=2023-07-07&source_impression_id=p3_1688579148_%2FflRZDkM8q1E%2BJk9&previous_page_section_name=1000&federated_search_id=e5f0832f-816a-490e-a125-8dffb6411415,Room in Mumbai,Stay with Shubh,", ",5.0 (6)
65,https://www.airbnb.co.in/rooms/627972359878145527?check_in=2023-07-05&check_out=2023-07-07&source_impression_id=p3_1688579148_dIXaVhBL7%2BZUWQUr&previous_page_section_name=1000&federated_search_id=e5f0832f-816a-490e-a125-8dffb6411415,Flat in Navi Mumbai,1 bed,"₹3,410 per night",4.83 (6)
66,https://www.airbnb.co.in/rooms/919299808985188315?check_in=2023-07-05&check_out=2023-07-07&source_impression_id=p3_1688579148_FgNXRQtcrEM6dDH8&previous_page_section_name=1000&federated_search_id=e5f0832f-816a-490e-a125-8dffb6411415,Hotel in Mumbai,1 bed,"₹2,054 per night",New
67,https://www.airbnb.co.in/rooms/769411349978350709?category_tag=Tag%3A8678&enable_m3_private_room=true&check_in=2023-07-05&check_out=2023-07-07&source_impression_id=p3_1688579148_kaXBVJKX9JTycWQ4&previous_page_section_name=1000&federated_search_id=e5f0832f-816a-490e-a125-8dffb6411415,Room in Mumbai,Stay with Shahid,", ",4.64 (11)
68,https://www.airbnb.co.in/rooms/927981663177999028?check_in=2023-07-05&check_out=2023-07-07&source_impression_id=p3_1688579148_V8QNFCNMRY62s4qE&previous_page_section_name=1000&federated_search_id=e5f0832f-816a-490e-a125-8dffb6411415,Hotel in Mumbai,1 bed,"₹2,283 per night, originally ₹2,783",New
69,https://www.airbnb.co.in/rooms/727093983957269187?check_in=2023-07-05&check_out=2023-07-07&source_impression_id=p3_1688579148_%2FladBj2tDYIeKK1u&previous_page_section_name=1000&federated_search_id=e5f0832f-816a-490e-a125-8dffb6411415,Apartment in Mumbai,3 beds,"₹6,000 per night",4.56 (16)
70,https://www.airbnb.co.in/rooms/690119517458567372?category_tag=Tag%3A8678&enable_m3_private_room=true&check_in=2023-07-05&check_out=2023-07-07&source_impression_id=p3_1688579150_Dkw6Lc%2BFDjS%2B84uX&previous_page_section_name=1000&federated_search_id=6004394c-579d-4748-a0fa-3d33e2238ea7,Room in Mumbai,Stay with Shreyas,", ",4.85 (27)
71,https://www.airbnb.co.in/rooms/919299808985188315?check_in=2023-07-05&check_out=2023-07-07&source_impression_id=p3_1688579150_U0TP9GJ%2BGyWMYqC8&previous_page_section_name=1000&federated_search_id=6004394c-579d-4748-a0fa-3d33e2238ea7,Hotel in Mumbai,1 bed,"₹2,054 per night",New
72,https://www.airbnb.co.in/rooms/38893127?check_in=2023-07-05&check_out=2023-07-07&source_impression_id=p3_1688579150_Da2cR0Gr0fK1aR1F&previous_page_section_name=1000&federated_search_id=6004394c-579d-4748-a0fa-3d33e2238ea7,Guest suite in Mumbai,2 beds,"₹2,603 per night",4.67 (18)
73,https://www.airbnb.co.in/rooms/810653146644864184?check_in=2023-07-05&check_out=2023-07-07&source_impression_id=p3_1688579150_RtQq7IywRqpaLO1u&previous_page_section_name=1000&federated_search_id=6004394c-579d-4748-a0fa-3d33e2238ea7,Bed and breakfast in Mumbai,1 bed,"₹1,301 per night",2.67 (3)
74,https://www.airbnb.co.in/rooms/723821923901285160?category_tag=Tag%3A8678&enable_m3_private_room=true&check_in=2023-07-05&check_out=2023-07-07&source_impression_id=p3_1688579150_xKg5sSPpa0%2FQT%2B62&previous_page_section_name=1000&federated_search_id=6004394c-579d-4748-a0fa-3d33e2238ea7,Room in Mumbai,Stay with Rinnku,", ",4.85 (20)
75,https://www.airbnb.co.in/rooms/30665391?category_tag=Tag%3A8678&enable_m3_private_room=true&check_in=2023-07-05&check_out=2023-07-07&source_impression_id=p3_1688579150_%2FtQ1r4J9mg5LyynC&previous_page_section_name=1000&federated_search_id=6004394c-579d-4748-a0fa-3d33e2238ea7,Room in Mumbai,Stay with Kumar,", ",4.82 (45)
76,https://www.airbnb.co.in/rooms/53909640?check_in=2023-07-05&check_out=2023-07-07&source_impression_id=p3_1688579150_%2Bz%2BOUs%2BYJio0oyoM&previous_page_section_name=1000&federated_search_id=6004394c-579d-4748-a0fa-3d33e2238ea7,Flat in Mumbai,1 bed,"₹6,017 per night",4.8 (10)
77,https://www.airbnb.co.in/rooms/828898041259209622?category_tag=Tag%3A8678&enable_m3_private_room=true&check_in=2023-07-05&check_out=2023-07-07&source_impression_id=p3_1688579150_rygInj7ohgANI8la&previous_page_section_name=1000&federated_search_id=6004394c-579d-4748-a0fa-3d33e2238ea7,Room in Mumbai,Stay with Carenetics Store,"₹2,237 per night",4.8 (5)
78,https://www.airbnb.co.in/rooms/623125609219615904?check_in=2023-07-05&check_out=2023-07-07&source_impression_id=p3_1688579150_z6kQ3g3NrODJ50x%2F&previous_page_section_name=1000&federated_search_id=6004394c-579d-4748-a0fa-3d33e2238ea7,Flat in Navi Mumbai,1 bed,"₹3,746 per night",5.0 (7)
79,https://www.airbnb.co.in/rooms/802763206660725024?category_tag=Tag%3A8678&enable_m3_private_room=true&check_in=2023-07-05&check_out=2023-07-07&source_impression_id=p3_1688579150_DK0%2BVp3IyZSPfmpT&previous_page_section_name=1000&federated_search_id=6004394c-579d-4748-a0fa-3d33e2238ea7,Room in Mumbai,Stay with Manisha,"₹2,847 per night, originally ₹3,337",5.0 (8)
80,https://www.airbnb.co.in/rooms/925134961589308882?check_in=2023-07-05&check_out=2023-07-07&source_impression_id=p3_1688579150_rWnHFpDJw6UsxhfZ&previous_page_section_name=1000&federated_search_id=6004394c-579d-4748-a0fa-3d33e2238ea7,Hotel in Mumbai,1 bed,"₹2,100 per night, originally ₹2,560",New
81,https://www.airbnb.co.in/rooms/819526209833056101?category_tag=Tag%3A8678&enable_m3_private_room=true&check_in=2023-07-05&check_out=2023-07-07&source_impression_id=p3_1688579150_CWbW5YyyvFZiNb7B&previous_page_section_name=1000&federated_search_id=6004394c-579d-4748-a0fa-3d33e2238ea7,Room in Mumbai,Stay with Shubh,", ",5.0 (6)
82,https://www.airbnb.co.in/rooms/687507663236916603?check_in=2023-07-05&check_out=2023-07-07&source_impression_id=p3_1688579150_x%2BR8AsuEJ%2BNCqbK%2F&previous_page_section_name=1000&federated_search_id=6004394c-579d-4748-a0fa-3d33e2238ea7,Holiday home in Mapgaon,2 king beds,"₹3,652 per night, originally ₹6,047",4.95 (80)
83,https://www.airbnb.co.in/rooms/901122609829360505?category_tag=Tag%3A8678&enable_m3_private_room=true&check_in=2023-07-05&check_out=2023-07-07&source_impression_id=p3_1688579150_Qrx9d5R6qOnqSSBR&previous_page_section_name=1000&federated_search_id=6004394c-579d-4748-a0fa-3d33e2238ea7,Room in Mumbai,Stay with Aditi,", ",5.0 (3)
84,https://www.airbnb.co.in/rooms/44110985?check_in=2023-07-05&check_out=2023-07-07&source_impression_id=p3_1688579150_S7GOK84sCrk0B0xd&previous_page_section_name=1000&federated_search_id=6004394c-579d-4748-a0fa-3d33e2238ea7,Shared room in Mumbai,4 bunk beds,₹999 per night,4.86 (29)
85,https://www.airbnb.co.in/rooms/833207634487407702?check_in=2023-07-05&check_out=2023-07-07&source_impression_id=p3_1688579150_ebzjmnsbdMmQEESU&previous_page_section_name=1000&federated_search_id=6004394c-579d-4748-a0fa-3d33e2238ea7,Hotel in Alibag,1 bed,"₹2,281 per night",5.0 (10)
86,https://www.airbnb.co.in/rooms/835486999767748065?category_tag=Tag%3A8678&enable_m3_private_room=true&check_in=2023-07-05&check_out=2023-07-07&source_impression_id=p3_1688579150_UrkTFQhbwWwEveof&previous_page_section_name=1000&federated_search_id=6004394c-579d-4748-a0fa-3d33e2238ea7,Room in Mumbai,Stay with Shantanu,", ",4.7 (10)
87,https://www.airbnb.co.in/rooms/41851018?check_in=2023-07-05&check_out=2023-07-07&source_impression_id=p3_1688579151_9F8toZA9OUPc%2Foc3&previous_page_section_name=1000&federated_search_id=a58b5a44-2192-4c31-a984-02f7ebdd6457,Apartment in Mumbai,3 beds,"₹15,977 per night",4.3 (20)
88,https://www.airbnb.co.in/rooms/769411349978350709?category_tag=Tag%3A8678&enable_m3_private_room=true&check_in=2023-07-05&check_out=2023-07-07&source_impression_id=p3_1688579151_0%2FOuBC2KHFR2cASO&previous_page_section_name=1000&federated_search_id=a58b5a44-2192-4c31-a984-02f7ebdd6457,Room in Mumbai,Stay with Shahid,", ",4.64 (11)
89,https://www.airbnb.co.in/rooms/835486999767748065?category_tag=Tag%3A8678&enable_m3_private_room=true&check_in=2023-07-05&check_out=2023-07-07&source_impression_id=p3_1688579151_0Y6C7jysL28reGF%2F&previous_page_section_name=1000&federated_search_id=a58b5a44-2192-4c31-a984-02f7ebdd6457,Room in Mumbai,Stay with Shantanu,", ",4.7 (10)
90,https://www.airbnb.co.in/rooms/918356739055606371?check_in=2023-07-05&check_out=2023-07-07&source_impression_id=p3_1688579151_z2798M2DFPk%2B5hkF&previous_page_section_name=1000&federated_search_id=a58b5a44-2192-4c31-a984-02f7ebdd6457,Flat in Mumbai,2 beds,"₹4,646 per night, originally ₹5,646",New
91,https://www.airbnb.co.in/rooms/650616312176923698?category_tag=Tag%3A8678&enable_m3_private_room=true&check_in=2023-07-05&check_out=2023-07-07&source_impression_id=p3_1688579151_tFwtL9bVsATAuBm7&previous_page_section_name=1000&federated_search_id=a58b5a44-2192-4c31-a984-02f7ebdd6457,Room in Mumbai,Stay with Anshu,"₹2,807 per night",4.97 (35)
92,https://www.airbnb.co.in/rooms/44110824?check_in=2023-07-05&check_out=2023-07-07&source_impression_id=p3_1688579151_wbChHDCh3jqP3W6a&previous_page_section_name=1000&federated_search_id=a58b5a44-2192-4c31-a984-02f7ebdd6457,Shared room in Mumbai,4 bunk beds,₹999 per night,4.8 (10)
93,https://www.airbnb.co.in/rooms/927084798011765093?check_in=2023-07-05&check_out=2023-07-07&source_impression_id=p3_1688579151_wNm6s0tW7oRzev6Y&previous_page_section_name=1000&federated_search_id=a58b5a44-2192-4c31-a984-02f7ebdd6457,Flat in Mumbai,2 beds,"₹5,349 per night",New
94,https://www.airbnb.co.in/rooms/47839333?category_tag=Tag%3A8678&enable_m3_private_room=true&check_in=2023-07-05&check_out=2023-07-07&source_impression_id=p3_1688579151_P4NIeA0drwfzM1tQ&previous_page_section_name=1000&federated_search_id=a58b5a44-2192-4c31-a984-02f7ebdd6457,Room in Mumbai,Stay with Rishabh,", ",4.88 (42)
95,https://www.airbnb.co.in/rooms/828898041259209622?category_tag=Tag%3A8678&enable_m3_private_room=true&check_in=2023-07-05&check_out=2023-07-07&source_impression_id=p3_1688579151_aBl3cWkb77NZWyeE&previous_page_section_name=1000&federated_search_id=a58b5a44-2192-4c31-a984-02f7ebdd6457,Room in Mumbai,Stay with Carenetics Store,"₹2,237 per night",4.8 (5)
96,https://www.airbnb.co.in/rooms/46779911?category_tag=Tag%3A8678&enable_m3_private_room=true&check_in=2023-07-05&check_out=2023-07-07&source_impression_id=p3_1688579151_ZQeXIlJl4%2FSR6fc9&previous_page_section_name=1000&federated_search_id=a58b5a44-2192-4c31-a984-02f7ebdd6457,Room in Mumbai,Stay with Vipul,", ",4.94 (31)
97,https://www.airbnb.co.in/rooms/917247199556529201?check_in=2023-07-05&check_out=2023-07-07&source_impression_id=p3_1688579151_tYQmPlcdlxLJ6Rnw&previous_page_section_name=1000&federated_search_id=a58b5a44-2192-4c31-a984-02f7ebdd6457,Hotel in Mumbai,1 bed,"₹3,013 per night, originally ₹3,673",New
98,https://www.airbnb.co.in/rooms/919229403763302439?check_in=2023-07-05&check_out=2023-07-07&source_impression_id=p3_1688579151_5IAj0dF4jU81DQ%2FD&previous_page_section_name=1000&federated_search_id=a58b5a44-2192-4c31-a984-02f7ebdd6457,Flat in Mumbai,2 beds,"₹4,636 per night, originally ₹5,636",New
99,https://www.airbnb.co.in/rooms/926704233991983660?check_in=2023-07-05&check_out=2023-07-07&source_impression_id=p3_1688579151_2zXO4Y8U%2B09GbE4j&previous_page_section_name=1000&federated_search_id=a58b5a44-2192-4c31-a984-02f7ebdd6457,Place to stay in Mumbai,1 bed,"₹2,847 per night",New
100,https://www.airbnb.co.in/rooms/627972359878145527?check_in=2023-07-05&check_out=2023-07-07&source_impression_id=p3_1688579151_%2F6q3HjKRw98iLBxw&previous_page_section_name=1000&federated_search_id=a58b5a44-2192-4c31-a984-02f7ebdd6457,Flat in Navi Mumbai,1 bed,"₹3,410 per night",4.83 (6)
101,https://www.airbnb.co.in/rooms/925134961589308882?check_in=2023-07-05&check_out=2023-07-07&source_impression_id=p3_1688579151_vUKlRafinDPMCdTZ&previous_page_section_name=1000&federated_search_id=a58b5a44-2192-4c31-a984-02f7ebdd6457,Hotel in Mumbai,1 bed,"₹2,100 per night, originally ₹2,560",New
102,https://www.airbnb.co.in/rooms/896674856200752828?check_in=2023-07-05&check_out=2023-07-07&source_impression_id=p3_1688579151_hsMtCBrjiNhOJXGN&previous_page_section_name=1000&federated_search_id=a58b5a44-2192-4c31-a984-02f7ebdd6457,Flat in Mumbai,2 beds,"₹9,147 per night",5.0 (3)
103,https://www.airbnb.co.in/rooms/888373428639769525?check_in=2023-07-05&check_out=2023-07-07&source_impression_id=p3_1688579153_0L7ILdgb%2BCHZ4nhJ&previous_page_section_name=1000&federated_search_id=55392864-006c-445b-bb38-acb3a4e76172,Flat in Mumbai,1 bed,"₹4,518 per night",4.67 (3)
104,https://www.airbnb.co.in/rooms/38893127?check_in=2023-07-05&check_out=2023-07-07&source_impression_id=p3_1688579153_p80bCfxBvQjskezE&previous_page_section_name=1000&federated_search_id=55392864-006c-445b-bb38-acb3a4e76172,Guest suite in Mumbai,2 beds,"₹2,603 per night",4.67 (18)
105,https://www.airbnb.co.in/rooms/927084798011765093?check_in=2023-07-05&check_out=2023-07-07&source_impression_id=p3_1688579153_mnQwt9FXCkDygCKV&previous_page_section_name=1000&federated_search_id=55392864-006c-445b-bb38-acb3a4e76172,Flat in Mumbai,2 beds,"₹5,349 per night",New
106,https://www.airbnb.co.in/rooms/919473140376516754?category_tag=Tag%3A8678&enable_m3_private_room=true&check_in=2023-07-05&check_out=2023-07-07&source_impression_id=p3_1688579153_Fl4aWllWJ8s3KPUF&previous_page_section_name=1000&federated_search_id=55392864-006c-445b-bb38-acb3a4e76172,Room in Mumbai,Stay with Afreen,", ",New
107,https://www.airbnb.co.in/rooms/927571961781103713?check_in=2023-07-05&check_out=2023-07-07&source_impression_id=p3_1688579153_6APmL1EaTCp1A%2BPL&previous_page_section_name=1000&federated_search_id=55392864-006c-445b-bb38-acb3a4e76172,Shared room in Mumbai,33 beds,"₹750 per night, originally ₹914",New
108,https://www.airbnb.co.in/rooms/927981663177999028?check_in=2023-07-05&check_out=2023-07-07&source_impression_id=p3_1688579153_27ifMOtYjjoNX0yH&previous_page_section_name=1000&federated_search_id=55392864-006c-445b-bb38-acb3a4e76172,Hotel in Mumbai,1 bed,"₹2,283 per night, originally ₹2,783",New
109,https://www.airbnb.co.in/rooms/927278179590501177?check_in=2023-07-05&check_out=2023-07-07&source_impression_id=p3_1688579153_AjWzc%2BboMjfGFUZ%2B&previous_page_section_name=1000&federated_search_id=55392864-006c-445b-bb38-acb3a4e76172,Flat in Mumbai,1 bed,"₹5,934 per night, originally ₹7,234",New
110,https://www.airbnb.co.in/rooms/810653146644864184?check_in=2023-07-05&check_out=2023-07-07&source_impression_id=p3_1688579153_BNWg8gxveCJ3iytR&previous_page_section_name=1000&federated_search_id=55392864-006c-445b-bb38-acb3a4e76172,Bed and breakfast in Mumbai,1 bed,"₹1,301 per night",2.67 (3)
111,https://www.airbnb.co.in/rooms/30429405?check_in=2023-07-05&check_out=2023-07-07&source_impression_id=p3_1688579153_cmdsgWt5JOVxwFCW&previous_page_section_name=1000&federated_search_id=55392864-006c-445b-bb38-acb3a4e76172,Apartment in Mumbai,3 beds,"₹9,841 per night",4.92 (50)
112,https://www.airbnb.co.in/rooms/645438661271033336?check_in=2023-07-05&check_out=2023-07-07&source_impression_id=p3_1688579153_xOIBOOm8dduaV6Ft&previous_page_section_name=1000&federated_search_id=55392864-006c-445b-bb38-acb3a4e76172,Apartment in Thane,1 bed,"₹2,168 per night",4.38 (26)
113,https://www.airbnb.co.in/rooms/899864502501905542?category_tag=Tag%3A8678&enable_m3_private_room=true&check_in=2023-07-05&check_out=2023-07-07&source_impression_id=p3_1688579153_na0o3ZetHsZJu3wa&previous_page_section_name=1000&federated_search_id=55392864-006c-445b-bb38-acb3a4e76172,Room in Mumbai,Stay with Nida,"₹2,643 per night",New
114,https://www.airbnb.co.in/rooms/918706921699765908?check_in=2023-07-05&check_out=2023-07-07&source_impression_id=p3_1688579153_1fKsI0c4GjpcOVK9&previous_page_section_name=1000&federated_search_id=55392864-006c-445b-bb38-acb3a4e76172,Hotel in Mumbai,1 bed,"₹2,009 per night, originally ₹2,449",New
115,https://www.airbnb.co.in/rooms/922269713347428570?check_in=2023-07-05&check_out=2023-07-07&source_impression_id=p3_1688579153_XKeVB%2FHHXHJuYNwz&previous_page_section_name=1000&federated_search_id=55392864-006c-445b-bb38-acb3a4e76172,Hotel in Mumbai,1 bed,"₹2,556 per night, originally ₹3,116",New
116,https://www.airbnb.co.in/rooms/928004489609919888?check_in=2023-07-05&check_out=2023-07-07&source_impression_id=p3_1688579153_7DvTq6PpcYFQmklB&previous_page_section_name=1000&federated_search_id=55392864-006c-445b-bb38-acb3a4e76172,Hotel in Mumbai,1 bed,"₹2,830 per night, originally ₹3,450",New
117,https://www.airbnb.co.in/rooms/922199655272007357?check_in=2023-07-05&check_out=2023-07-07&source_impression_id=p3_1688579153_CdDoEKnjrmZ8tWNu&previous_page_section_name=1000&federated_search_id=55392864-006c-445b-bb38-acb3a4e76172,Hotel in Mumbai,1 bed,"₹2,556 per night, originally ₹3,116",New
118,https://www.airbnb.co.in/rooms/621278659480632616?check_in=2023-07-05&check_out=2023-07-07&source_impression_id=p3_1688579153_hqHM7EEqZuWNKjMT&previous_page_section_name=1000&federated_search_id=55392864-006c-445b-bb38-acb3a4e76172,Aparthotel in Mumbai,1 bed,"₹3,230 per night",4.17 (6)
119,https://www.airbnb.co.in/rooms/34431183?check_in=2023-07-05&check_out=2023-07-07&source_impression_id=p3_1688579154_CvmKG4GDhcvdcUfT&previous_page_section_name=1000&federated_search_id=dce18d58-efdb-4810-8c2e-08515585eb03,Place to stay in Mumbai,1 double bed,"₹2,409 per night",4.55 (20)
120,https://www.airbnb.co.in/rooms/917853468353648335?check_in=2023-07-05&check_out=2023-07-07&source_impression_id=p3_1688579154_VCtlGpKNP8y0P3pJ&previous_page_section_name=1000&federated_search_id=dce18d58-efdb-4810-8c2e-08515585eb03,Hotel in Mumbai,1 bed,"₹3,013 per night, originally ₹3,673",New
121,https://www.airbnb.co.in/rooms/833207956321354655?check_in=2023-07-05&check_out=2023-07-07&source_impression_id=p3_1688579154_FnDv15Pkn3GPZ3vv&previous_page_section_name=1000&federated_search_id=dce18d58-efdb-4810-8c2e-08515585eb03,Hotel in Alibag,1 bed,"₹2,281 per night",4.89 (9)
122,https://www.airbnb.co.in/rooms/911294886176033815?check_in=2023-07-05&check_out=2023-07-07&source_impression_id=p3_1688579154_F6%2BAKnU466Jf%2Bfdp&previous_page_section_name=1000&federated_search_id=dce18d58-efdb-4810-8c2e-08515585eb03,Flat in Thane,4 beds,"₹1,946 per night, originally ₹2,372",5.0 (3)
123,https://www.airbnb.co.in/rooms/918706921699765908?check_in=2023-07-05&check_out=2023-07-07&source_impression_id=p3_1688579154_dSOr7GzZqCvcntgd&previous_page_section_name=1000&federated_search_id=dce18d58-efdb-4810-8c2e-08515585eb03,Hotel in Mumbai,1 bed,"₹2,009 per night, originally ₹2,449",New
124,https://www.airbnb.co.in/rooms/712110837273594060?check_in=2023-07-05&check_out=2023-07-07&source_impression_id=p3_1688579154_I4dMRmYpktlNj9x%2B&previous_page_section_name=1000&federated_search_id=dce18d58-efdb-4810-8c2e-08515585eb03,Hotel in Navi Mumbai,1 double bed,"₹1,912 per night",3.86 (22)
125,https://www.airbnb.co.in/rooms/28457325?category_tag=Tag%3A8678&enable_m3_private_room=true&check_in=2023-07-05&check_out=2023-07-07&source_impression_id=p3_1688579154_Ol5dBpVypwugBHNO&previous_page_section_name=1000&federated_search_id=dce18d58-efdb-4810-8c2e-08515585eb03,Room in Mumbai,Stay with Alka,", ",4.83 (6)
126,https://www.airbnb.co.in/rooms/925936999397693511?check_in=2023-07-05&check_out=2023-07-07&source_impression_id=p3_1688579154_ssZnQiVCQy489NoS&previous_page_section_name=1000&federated_search_id=dce18d58-efdb-4810-8c2e-08515585eb03,Flat in Mumbai,7 beds,"₹6,391 per night, originally ₹7,791",New
127,https://www.airbnb.co.in/rooms/41952960?category_tag=Tag%3A8678&enable_m3_private_room=true&check_in=2023-07-05&check_out=2023-07-07&source_impression_id=p3_1688579154_FVsGUnbgKfSFE%2BnL&previous_page_section_name=1000&federated_search_id=dce18d58-efdb-4810-8c2e-08515585eb03,Room in Mumbai,Stay with Pranay,", ",4.94 (16)
128,https://www.airbnb.co.in/rooms/886144159053707472?check_in=2023-07-05&check_out=2023-07-07&source_impression_id=p3_1688579154_5vS8ZglW%2BYJ8RXzo&previous_page_section_name=1000&federated_search_id=dce18d58-efdb-4810-8c2e-08515585eb03,Guest house in Mumbai,5 bunk beds,"₹525 per night, originally ₹640",New
129,https://www.airbnb.co.in/rooms/791966470246458097?check_in=2023-07-05&check_out=2023-07-07&source_impression_id=p3_1688579154_s4w%2BiWOlcylQHIKP&previous_page_section_name=1000&federated_search_id=dce18d58-efdb-4810-8c2e-08515585eb03,Flat in Mumbai,4 single beds,"₹9,272 per night",4.63 (8)
130,https://www.airbnb.co.in/rooms/927814443822316586?check_in=2023-07-05&check_out=2023-07-07&source_impression_id=p3_1688579154_K85J%2BxheOS0scwzi&previous_page_section_name=1000&federated_search_id=dce18d58-efdb-4810-8c2e-08515585eb03,Flat in Mumbai,2 beds,"₹6,005 per night, originally ₹7,305",New
131,https://www.airbnb.co.in/rooms/696313142727997445?check_in=2023-07-05&check_out=2023-07-07&source_impression_id=p3_1688579154_kBMIAC%2FIhPWK3sD%2B&previous_page_section_name=1000&federated_search_id=dce18d58-efdb-4810-8c2e-08515585eb03,Apartment in Mumbai,3 beds,"₹11,412 per night",4.71 (14)
132,https://www.airbnb.co.in/rooms/833207634487407702?check_in=2023-07-05&check_out=2023-07-07&source_impression_id=p3_1688579154_J6Zhm35edDhEKDbr&previous_page_section_name=1000&federated_search_id=dce18d58-efdb-4810-8c2e-08515585eb03,Hotel in Alibag,1 bed,"₹2,281 per night",5.0 (10)
133,https://www.airbnb.co.in/rooms/51415963?check_in=2023-07-05&check_out=2023-07-07&source_impression_id=p3_1688579154_tfxHbQRIeFkU%2BrCm&previous_page_section_name=1000&federated_search_id=dce18d58-efdb-4810-8c2e-08515585eb03,Apartment in Alibag,2 beds,"₹3,099 per night, originally ₹3,389",4.9 (79)
134,https://www.airbnb.co.in/rooms/773803250479036217?check_in=2023-07-05&check_out=2023-07-07&source_impression_id=p3_1688579154_4CO8u39LpDUgfs%2Bp&previous_page_section_name=1000&federated_search_id=dce18d58-efdb-4810-8c2e-08515585eb03,Flat in Thane,1 bed,"₹2,226 per night",4.53 (15)
135,https://www.airbnb.co.in/rooms/920947559440982316?check_in=2023-07-05&check_out=2023-07-07&source_impression_id=p3_1688579155_ZDj9ba4hO8UiPwrN&previous_page_section_name=1000&federated_search_id=c5fdd5da-0155-45a3-9ea5-ce10bd8d220b,Home in Mumbai,1 bed,"₹749 per night, originally ₹913",New
136,https://www.airbnb.co.in/rooms/604679518316151434?check_in=2023-07-05&check_out=2023-07-07&source_impression_id=p3_1688579155_d01qVYIxLYBSRyFN&previous_page_section_name=1000&federated_search_id=c5fdd5da-0155-45a3-9ea5-ce10bd8d220b,Flat in Pune,2 beds,"₹1,706 per night",5.0 (12)
137,https://www.airbnb.co.in/rooms/927814443822316586?check_in=2023-07-05&check_out=2023-07-07&source_impression_id=p3_1688579155_TvenTIGR4nGLwxIq&previous_page_section_name=1000&federated_search_id=c5fdd5da-0155-45a3-9ea5-ce10bd8d220b,Flat in Mumbai,2 beds,"₹6,005 per night, originally ₹7,305",New
138,https://www.airbnb.co.in/rooms/927278179590501177?check_in=2023-07-05&check_out=2023-07-07&source_impression_id=p3_1688579155_BaZRn5CfwSxD0naW&previous_page_section_name=1000&federated_search_id=c5fdd5da-0155-45a3-9ea5-ce10bd8d220b,Flat in Mumbai,1 bed,"₹5,934 per night, originally ₹7,234",New
139,https://www.airbnb.co.in/rooms/14579421?category_tag=Tag%3A8678&enable_m3_private_room=true&check_in=2023-07-05&check_out=2023-07-07&source_impression_id=p3_1688579155_E1BwtEgfRf23CqIM&previous_page_section_name=1000&federated_search_id=c5fdd5da-0155-45a3-9ea5-ce10bd8d220b,Room in Mumbai,Stay with Ashish,", ",4.62 (13)
140,https://www.airbnb.co.in/rooms/791966470246458097?check_in=2023-07-05&check_out=2023-07-07&source_impression_id=p3_1688579155_JGGT3KXCwPIclJ4O&previous_page_section_name=1000&federated_search_id=c5fdd5da-0155-45a3-9ea5-ce10bd8d220b,Flat in Mumbai,4 single beds,"₹9,272 per night",4.63 (8)
141,https://www.airbnb.co.in/rooms/923770203922282968?check_in=2023-07-05&check_out=2023-07-07&source_impression_id=p3_1688579155_2ykAYgol3YBdJ6Kq&previous_page_section_name=1000&federated_search_id=c5fdd5da-0155-45a3-9ea5-ce10bd8d220b,Hotel in Mumbai,1 bed,"₹2,465 per night, originally ₹3,005",New
142,https://www.airbnb.co.in/rooms/41952960?category_tag=Tag%3A8678&enable_m3_private_room=true&check_in=2023-07-05&check_out=2023-07-07&source_impression_id=p3_1688579155_XmsXxgOog0%2BCvzvh&previous_page_section_name=1000&federated_search_id=c5fdd5da-0155-45a3-9ea5-ce10bd8d220b,Room in Mumbai,Stay with Pranay,", ",4.94 (16)
143,https://www.airbnb.co.in/rooms/1489786?category_tag=Tag%3A8678&enable_m3_private_room=true&check_in=2023-07-05&check_out=2023-07-07&source_impression_id=p3_1688579155_j%2F0ntxiXKmukryrt&previous_page_section_name=1000&federated_search_id=c5fdd5da-0155-45a3-9ea5-ce10bd8d220b,Room in Mumbai,Stay with Mahesh,", ",4.69 (67)
144,https://www.airbnb.co.in/rooms/925936999397693511?check_in=2023-07-05&check_out=2023-07-07&source_impression_id=p3_1688579155_850%2FLlfb8URGqutH&previous_page_section_name=1000&federated_search_id=c5fdd5da-0155-45a3-9ea5-ce10bd8d220b,Flat in Mumbai,7 beds,"₹6,391 per night, originally ₹7,791",New
145,https://www.airbnb.co.in/rooms/728016226861592126?check_in=2023-07-05&check_out=2023-07-07&source_impression_id=p3_1688579155_B1ysdJVKpZAHT%2Flx&previous_page_section_name=1000&federated_search_id=c5fdd5da-0155-45a3-9ea5-ce10bd8d220b,Apartment in Alibag,2 queen beds,"₹9,129 per night, originally ₹10,078",4.69 (13)
146,https://www.airbnb.co.in/rooms/928053653303762001?check_in=2023-07-05&check_out=2023-07-07&source_impression_id=p3_1688579155_2Xd7TJwdCoiSX%2F2x&previous_page_section_name=1000&federated_search_id=c5fdd5da-0155-45a3-9ea5-ce10bd8d220b,Hotel in Mumbai,1 bed,"₹2,830 per night, originally ₹3,450",New
147,https://www.airbnb.co.in/rooms/917101207112250112?check_in=2023-07-05&check_out=2023-07-07&source_impression_id=p3_1688579155_JaZRzyQFuHqLir33&previous_page_section_name=1000&federated_search_id=c5fdd5da-0155-45a3-9ea5-ce10bd8d220b,Hotel in Mumbai,19 beds,"₹4,108 per night, originally ₹5,008",New
148,https://www.airbnb.co.in/rooms/33601107?check_in=2023-07-05&check_out=2023-07-07&source_impression_id=p3_1688579157_lyx7iQte2BbYa8It&previous_page_section_name=1000&federated_search_id=d0867266-2a35-4be3-90e3-e21b7c440a61,Hotel in Alibag,1 double bed,"₹2,530 per night",4.6 (156)
149,https://www.airbnb.co.in/rooms/1489786?category_tag=Tag%3A8678&enable_m3_private_room=true&check_in=2023-07-05&check_out=2023-07-07&source_impression_id=p3_1688579157_1G6T%2F7yZrSgDvSU0&previous_page_section_name=1000&federated_search_id=d0867266-2a35-4be3-90e3-e21b7c440a61,Room in Mumbai,Stay with Mahesh,", ",4.69 (67)
150,https://www.airbnb.co.in/rooms/551078384712623634?check_in=2023-07-05&check_out=2023-07-07&source_impression_id=p3_1688579157_%2F4ALcLbqXK%2FB78VM&previous_page_section_name=1000&federated_search_id=d0867266-2a35-4be3-90e3-e21b7c440a61,Hotel in Dhokshet,1 bed,"₹960 per night, originally ₹1,354",4.0 (13)
151,https://www.airbnb.co.in/rooms/911406596081005085?check_in=2023-07-05&check_out=2023-07-07&source_impression_id=p3_1688579157_xU9TNlFTUlD2CTTO&previous_page_section_name=1000&federated_search_id=d0867266-2a35-4be3-90e3-e21b7c440a61,Hotel in Mumbai,3 beds,"₹2,887 per night",New
152,https://www.airbnb.co.in/rooms/925145597643196651?check_in=2023-07-05&check_out=2023-07-07&source_impression_id=p3_1688579157_lgssUAOTC5sN%2BcTP&previous_page_section_name=1000&federated_search_id=d0867266-2a35-4be3-90e3-e21b7c440a61,Hotel in Mira Bhayandar,1 bed,"₹3,378 per night, originally ₹4,118",New
153,https://www.airbnb.co.in/rooms/14579421?category_tag=Tag%3A8678&enable_m3_private_room=true&check_in=2023-07-05&check_out=2023-07-07&source_impression_id=p3_1688579157_bHvrhl6hdVpppnYu&previous_page_section_name=1000&federated_search_id=d0867266-2a35-4be3-90e3-e21b7c440a61,Room in Mumbai,Stay with Ashish,", ",4.62 (13)
154,https://www.airbnb.co.in/rooms/925155906202802658?check_in=2023-07-05&check_out=2023-07-07&source_impression_id=p3_1688579157_8Q3TYZAbabhdGinG&previous_page_section_name=1000&federated_search_id=d0867266-2a35-4be3-90e3-e21b7c440a61,Hotel in Mira Bhayandar,1 bed,"₹2,739 per night, originally ₹3,339",New
155,https://www.airbnb.co.in/rooms/768471122452561074?category_tag=Tag%3A8678&enable_m3_private_room=true&check_in=2023-07-05&check_out=2023-07-07&source_impression_id=p3_1688579157_6if5OrBq4WucVUFC&previous_page_section_name=1000&federated_search_id=d0867266-2a35-4be3-90e3-e21b7c440a61,Room in Mumbai,Stay with Sarabjit,"₹3,423 per night",New
156,https://www.airbnb.co.in/rooms/836130324503721129?check_in=2023-07-05&check_out=2023-07-07&source_impression_id=p3_1688579157_7s6VLwWFfMWly1O0&previous_page_section_name=1000&federated_search_id=d0867266-2a35-4be3-90e3-e21b7c440a61,Flat in Navi Mumbai,1 bed,"₹1,370 per night",4.5 (4)
157,https://www.airbnb.co.in/rooms/924282975947483708?check_in=2023-07-05&check_out=2023-07-07&source_impression_id=p3_1688579157_cIqLFWihGonNuaiu&previous_page_section_name=1000&federated_search_id=d0867266-2a35-4be3-90e3-e21b7c440a61,Shared room in Pune,1 bed,"₹750 per night, originally ₹914",New
158,https://www.airbnb.co.in/rooms/598955333174814799?check_in=2023-07-05&check_out=2023-07-07&source_impression_id=p3_1688579157_aONqWcgayTgUysNU&previous_page_section_name=1000&federated_search_id=d0867266-2a35-4be3-90e3-e21b7c440a61,Flat in Pune,2 beds,"₹1,706 per night",4.65 (17)
159,https://www.airbnb.co.in/rooms/746959733736657312?check_in=2023-07-05&check_out=2023-07-07&source_impression_id=p3_1688579157_%2BypslZkfQhyVvYYN&previous_page_section_name=1000&federated_search_id=d0867266-2a35-4be3-90e3-e21b7c440a61,Place to stay in Pune,1 king bed,"₹1,441 per night, originally ₹1,816",4.75 (12)
160,https://www.airbnb.co.in/rooms/782436402960839317?check_in=2023-07-05&check_out=2023-07-07&source_impression_id=p3_1688579157_%2BQe8Wf70RkeXpRN9&previous_page_section_name=1000&federated_search_id=d0867266-2a35-4be3-90e3-e21b7c440a61,Flat in Pune,2 queen beds,"₹1,706 per night",5.0 (6)
161,https://www.airbnb.co.in/rooms/24459291?category_tag=Tag%3A8678&enable_m3_private_room=true&check_in=2023-07-05&check_out=2023-07-07&source_impression_id=p3_1688579157_8QgtneVgr8XgNHgT&previous_page_section_name=1000&federated_search_id=d0867266-2a35-4be3-90e3-e21b7c440a61,Room in Mumbai,Stay with Jyothi,", ",4.68 (19)
162,https://www.airbnb.co.in/rooms/701085983243530842?check_in=2023-07-05&check_out=2023-07-07&source_impression_id=p3_1688579157_4J7rD5xTKip%2BorEC&previous_page_section_name=1000&federated_search_id=d0867266-2a35-4be3-90e3-e21b7c440a61,Cabin in Dongargaon,2 beds,"₹3,994 per night",4.71 (21)
163,https://www.airbnb.co.in/rooms/765017682860216599?category_tag=Tag%3A8678&enable_m3_private_room=true&check_in=2023-07-05&check_out=2023-07-07&source_impression_id=p3_1688579159_CEbtkchI2dAX5V8v&previous_page_section_name=1000&federated_search_id=14793ff6-bdf7-409a-ac26-f8e85b6de732,Room in Pune,Stay with Yuga,"₹1,256 per night",4.55 (20)
164,https://www.airbnb.co.in/rooms/17289859?category_tag=Tag%3A8678&enable_m3_private_room=true&check_in=2023-07-05&check_out=2023-07-07&source_impression_id=p3_1688579159_aFTg7LHzWR4SMDra&previous_page_section_name=1000&federated_search_id=14793ff6-bdf7-409a-ac26-f8e85b6de732,Room in Mumbai,Stay with Susmita,", ",4.64 (29)
165,https://www.airbnb.co.in/rooms/883004430739279230?check_in=2023-07-05&check_out=2023-07-07&source_impression_id=p3_1688579159_i3Mlj9kqqOYi0iZW&previous_page_section_name=1000&federated_search_id=14793ff6-bdf7-409a-ac26-f8e85b6de732,Flat in Mumbai,4 beds,"₹8,700 per night",5.0 (3)
166,https://www.airbnb.co.in/rooms/928082402434937967?check_in=2023-07-05&check_out=2023-07-07&source_impression_id=p3_1688579159_ARHRExRXdiZcGvZ1&previous_page_section_name=1000&federated_search_id=14793ff6-bdf7-409a-ac26-f8e85b6de732,Hotel in मुंबई,1 bed,"₹3,378 per night, originally ₹4,118",New
167,https://www.airbnb.co.in/rooms/51418961?check_in=2023-07-05&check_out=2023-07-07&source_impression_id=p3_1688579159_rHiP30jN%2B%2FQlEJ8B&previous_page_section_name=1000&federated_search_id=14793ff6-bdf7-409a-ac26-f8e85b6de732,Apartment in Alibag,2 beds,"₹3,099 per night, originally ₹3,389",4.86 (65)
168,https://www.airbnb.co.in/rooms/40171201?check_in=2023-07-05&check_out=2023-07-07&source_impression_id=p3_1688579159_2elOFL7GMzAXNGcd&previous_page_section_name=1000&federated_search_id=14793ff6-bdf7-409a-ac26-f8e85b6de732,Flat in Pune,2 beds,"₹2,691 per night, originally ₹4,324",5.0 (36)
169,https://www.airbnb.co.in/rooms/687999847266883754?category_tag=Tag%3A8678&enable_m3_private_room=true&check_in=2023-07-05&check_out=2023-07-07&source_impression_id=p3_1688579159_YZRNzPDW3z12WHFn&previous_page_section_name=1000&federated_search_id=14793ff6-bdf7-409a-ac26-f8e85b6de732,Room in Mumbai,Stay with Christopher,"₹9,130 per night",5.0 (8)
170,https://www.airbnb.co.in/rooms/768471122452561074?category_tag=Tag%3A8678&enable_m3_private_room=true&check_in=2023-07-05&check_out=2023-07-07&source_impression_id=p3_1688579159_eSMBvnFvNhhNBxvP&previous_page_section_name=1000&federated_search_id=14793ff6-bdf7-409a-ac26-f8e85b6de732,Room in Mumbai,Stay with Sarabjit,"₹3,423 per night",New
171,https://www.airbnb.co.in/rooms/925145597643196651?check_in=2023-07-05&check_out=2023-07-07&source_impression_id=p3_1688579159_KpB6ptnSBjGESu0Q&previous_page_section_name=1000&federated_search_id=14793ff6-bdf7-409a-ac26-f8e85b6de732,Hotel in Mira Bhayandar,1 bed,"₹3,378 per night, originally ₹4,118",New
172,https://www.airbnb.co.in/rooms/24380222?category_tag=Tag%3A8678&enable_m3_private_room=true&check_in=2023-07-05&check_out=2023-07-07&source_impression_id=p3_1688579159_9kI0IagCFAXzYTd8&previous_page_section_name=1000&federated_search_id=14793ff6-bdf7-409a-ac26-f8e85b6de732,Room in Navi Mumbai,Stay with Anaya,", ",5.0 (4)
173,https://www.airbnb.co.in/rooms/928057577222741601?check_in=2023-07-05&check_out=2023-07-07&source_impression_id=p3_1688579159_Ubu8p0%2Fll8JWQfQU&previous_page_section_name=1000&federated_search_id=14793ff6-bdf7-409a-ac26-f8e85b6de732,Hotel in मुंबई,1 bed,"₹3,378 per night, originally ₹4,118",New
174,https://www.airbnb.co.in/rooms/557174151365199393?check_in=2023-07-05&check_out=2023-07-07&source_impression_id=p3_1688579159_qh2qh8wbNgQ%2FQcQa&previous_page_section_name=1000&federated_search_id=14793ff6-bdf7-409a-ac26-f8e85b6de732,Flat in Pune,1 bed,"₹1,757 per night",4.34 (35)
175,https://www.airbnb.co.in/rooms/41231719?check_in=2023-07-05&check_out=2023-07-07&source_impression_id=p3_1688579159_REOG9oYvmvHnQFeA&previous_page_section_name=1000&federated_search_id=14793ff6-bdf7-409a-ac26-f8e85b6de732,Bungalow in Kamshet,10 beds,"₹4,565 per night",4.67 (3)
176,https://www.airbnb.co.in/rooms/911406596081005085?check_in=2023-07-05&check_out=2023-07-07&source_impression_id=p3_1688579159_gr0VgkMGH0hRd%2FQT&previous_page_section_name=1000&federated_search_id=14793ff6-bdf7-409a-ac26-f8e85b6de732,Hotel in Mumbai,3 beds,"₹2,887 per night",New
177,https://www.airbnb.co.in/rooms/599657442665520885?category_tag=Tag%3A8678&enable_m3_private_room=true&check_in=2023-07-05&check_out=2023-07-07&source_impression_id=p3_1688579159_EjK%2Fsmpsc48HIZwd&previous_page_section_name=1000&federated_search_id=14793ff6-bdf7-409a-ac26-f8e85b6de732,Room in Pune,Stay with Himanshu,", ",4.94 (17)
178,https://www.airbnb.co.in/rooms/833204760087202633?check_in=2023-07-05&check_out=2023-07-07&source_impression_id=p3_1688579160_Ud%2FBdLC0ZhLEMTFa&previous_page_section_name=1000&federated_search_id=ebc9e83f-9079-4825-ae77-a860e970d30c,Hotel in Alibag,2 double beds,"₹3,423 per night",4.86 (7)
179,https://www.airbnb.co.in/rooms/52329851?check_in=2023-07-05&check_out=2023-07-07&source_impression_id=p3_1688579160_DJptkKBbxwsjlzX5&previous_page_section_name=1000&federated_search_id=ebc9e83f-9079-4825-ae77-a860e970d30c,Boutique hotel in Mahabaleshwar,1 bed,"₹2,398 per night, originally ₹3,353",4.77 (22)
180,https://www.airbnb.co.in/rooms/29046301?check_in=2023-07-05&check_out=2023-07-07&source_impression_id=p3_1688579160_%2BeTfue6GBNxNbD0n&previous_page_section_name=1000&federated_search_id=ebc9e83f-9079-4825-ae77-a860e970d30c,Place to stay in Mumbai,1 double bed,"₹6,732 per night, originally ₹7,920",4.71 (28)
181,https://www.airbnb.co.in/rooms/558924427076315456?check_in=2023-07-05&check_out=2023-07-07&source_impression_id=p3_1688579160_K26q5YVrONmzrULq&previous_page_section_name=1000&federated_search_id=ebc9e83f-9079-4825-ae77-a860e970d30c,Apartment in Vakas,2 king beds,"₹2,197 per night",4.41 (22)
182,https://www.airbnb.co.in/rooms/662525838226029669?category_tag=Tag%3A8678&enable_m3_private_room=true&check_in=2023-07-05&check_out=2023-07-07&source_impression_id=p3_1688579160_6yUDP89qJPlt%2BFoo&previous_page_section_name=1000&federated_search_id=ebc9e83f-9079-4825-ae77-a860e970d30c,Room in Pimpri-Chinchwad,Stay with Navin,", ",5.0 (8)
183,https://www.airbnb.co.in/rooms/842302080519611806?check_in=2023-07-05&check_out=2023-07-07&source_impression_id=p3_1688579160_IgApK32a8FHYtSB0&previous_page_section_name=1000&federated_search_id=ebc9e83f-9079-4825-ae77-a860e970d30c,Flat in Khoni Pagadyacha Pada,4 beds,"₹1,706 per night",5.0 (7)
184,https://www.airbnb.co.in/rooms/54119605?category_tag=Tag%3A8678&enable_m3_private_room=true&check_in=2023-07-05&check_out=2023-07-07&source_impression_id=p3_1688579160_JBxzg7sFTBS0DtJi&previous_page_section_name=1000&federated_search_id=ebc9e83f-9079-4825-ae77-a860e970d30c,Room in Lonavla,Stay with Udit,", ",4.99 (70)
185,https://www.airbnb.co.in/rooms/24459291?category_tag=Tag%3A8678&enable_m3_private_room=true&check_in=2023-07-05&check_out=2023-07-07&source_impression_id=p3_1688579160_yxdg03Bdzrvo7d6t&previous_page_section_name=1000&federated_search_id=ebc9e83f-9079-4825-ae77-a860e970d30c,Room in Mumbai,Stay with Jyothi,", ",4.68 (19)
186,https://www.airbnb.co.in/rooms/826838713734150838?check_in=2023-07-05&check_out=2023-07-07&source_impression_id=p3_1688579160_rZGzOjTsRPMmk4K3&previous_page_section_name=1000&federated_search_id=ebc9e83f-9079-4825-ae77-a860e970d30c,Hotel in Alibag,1 bed,"₹1,369 per night",4.71 (7)
187,https://www.airbnb.co.in/rooms/927613659136540895?check_in=2023-07-05&check_out=2023-07-07&source_impression_id=p3_1688579160_nMM2zwGc1%2FapHHvA&previous_page_section_name=1000&federated_search_id=ebc9e83f-9079-4825-ae77-a860e970d30c,Flat in Mumbai,4 beds,"₹11,412 per night, originally ₹13,912",New
188,https://www.airbnb.co.in/rooms/583904404292789087?check_in=2023-07-05&check_out=2023-07-07&source_impression_id=p3_1688579160_uYIB6z5riyVqs8bi&previous_page_section_name=1000&federated_search_id=ebc9e83f-9079-4825-ae77-a860e970d30c,Flat in Pune,2 beds,"₹1,706 per night",4.65 (17)
189,https://www.airbnb.co.in/rooms/1489786?category_tag=Tag%3A8678&enable_m3_private_room=true&check_in=2023-07-05&check_out=2023-07-07&source_impression_id=p3_1688579160_ej0bwkkUplfyMOoN&previous_page_section_name=1000&federated_search_id=ebc9e83f-9079-4825-ae77-a860e970d30c,Room in Mumbai,Stay with Mahesh,", ",4.69 (67)
190,https://www.airbnb.co.in/rooms/32368151?check_in=2023-07-05&check_out=2023-07-07&source_impression_id=p3_1688579160_lvIZw6RJ%2BgcvgO%2Bj&previous_page_section_name=1000&federated_search_id=ebc9e83f-9079-4825-ae77-a860e970d30c,Flat in Mumbai,6 queen beds,"₹8,629 per night, originally ₹9,987",4.33 (12)
191,https://www.airbnb.co.in/rooms/924282975947483708?check_in=2023-07-05&check_out=2023-07-07&source_impression_id=p3_1688579160_ceVyNCh%2B9m5C8AyI&previous_page_section_name=1000&federated_search_id=ebc9e83f-9079-4825-ae77-a860e970d30c,Shared room in Pune,1 bed,"₹750 per night, originally ₹914",New
192,https://www.airbnb.co.in/rooms/904019828879383301?check_in=2023-07-05&check_out=2023-07-07&source_impression_id=p3_1688579160_1yHgCYgNFruqKSSg&previous_page_section_name=1000&federated_search_id=ebc9e83f-9079-4825-ae77-a860e970d30c,Flat in Mumbai,2 beds,"₹9,586 per night, originally ₹11,686",New
193,https://www.airbnb.co.in/rooms/904019828879383301?check_in=2023-07-05&check_out=2023-07-07&source_impression_id=p3_1688579162_7GJtZm5sCC8zIzeG&previous_page_section_name=1000&federated_search_id=8517f3a9-9144-4739-bf76-ef76dd9e2067,Flat in Mumbai,2 beds,"₹9,586 per night, originally ₹11,686",New
194,https://www.airbnb.co.in/rooms/48085687?category_tag=Tag%3A8678&enable_m3_private_room=true&check_in=2023-07-05&check_out=2023-07-07&source_impression_id=p3_1688579162_MHHoyn%2FiVvWeEyTm&previous_page_section_name=1000&federated_search_id=8517f3a9-9144-4739-bf76-ef76dd9e2067,Room in Mumbai,Stay with Kavya,", ",4.67 (3)
195,https://www.airbnb.co.in/rooms/50763172?check_in=2023-07-05&check_out=2023-07-07&source_impression_id=p3_1688579162_13x8RpZTmgzAhkBe&previous_page_section_name=1000&federated_search_id=8517f3a9-9144-4739-bf76-ef76dd9e2067,Hotel room in Dapoli,1 king bed,"₹2,853 per night",4.71 (7)
196,https://www.airbnb.co.in/rooms/30672514?category_tag=Tag%3A8678&enable_m3_private_room=true&check_in=2023-07-05&check_out=2023-07-07&source_impression_id=p3_1688579162_pp894rTGL4djluIK&previous_page_section_name=1000&federated_search_id=8517f3a9-9144-4739-bf76-ef76dd9e2067,Room in Mumbai,Stay with Kumar,", ",4.31 (13)
197,https://www.airbnb.co.in/rooms/833204760087202633?check_in=2023-07-05&check_out=2023-07-07&source_impression_id=p3_1688579162_Eh4wQo3BLayLxRv1&previous_page_section_name=1000&federated_search_id=8517f3a9-9144-4739-bf76-ef76dd9e2067,Hotel in Alibag,2 double beds,"₹3,423 per night",4.86 (7)
198,https://www.airbnb.co.in/rooms/51687268?category_tag=Tag%3A8678&enable_m3_private_room=true&check_in=2023-07-05&check_out=2023-07-07&source_impression_id=p3_1688579162_%2FQ%2F1vE3QvfQZWPer&previous_page_section_name=1000&federated_search_id=8517f3a9-9144-4739-bf76-ef76dd9e2067,Room in Mumbai,Stay with Ankita,"₹1,974 per night",5.0 (13)
199,https://www.airbnb.co.in/rooms/46139548?check_in=2023-07-05&check_out=2023-07-07&source_impression_id=p3_1688579162_7rUTK8YqiAFiDmOU&previous_page_section_name=1000&federated_search_id=8517f3a9-9144-4739-bf76-ef76dd9e2067,Apartment in Mumbai,2 king beds,"₹9,165 per night",4.42 (12)
200,https://www.airbnb.co.in/rooms/893960341762595303?check_in=2023-07-05&check_out=2023-07-07&source_impression_id=p3_1688579162_sEbKfZAQG%2BpsR2uO&previous_page_section_name=1000&federated_search_id=8517f3a9-9144-4739-bf76-ef76dd9e2067,Flat in Mumbai,1 bed,"₹5,648 per night",4.67 (3)
201,https://www.airbnb.co.in/rooms/53108191?check_in=2023-07-05&check_out=2023-07-07&source_impression_id=p3_1688579162_CZqURafOt2W7rUR7&previous_page_section_name=1000&federated_search_id=8517f3a9-9144-4739-bf76-ef76dd9e2067,Cottage in Waki,1 king bed,"₹9,130 per night",4.5 (12)
202,https://www.airbnb.co.in/rooms/38396441?category_tag=Tag%3A8678&enable_m3_private_room=true&check_in=2023-07-05&check_out=2023-07-07&source_impression_id=p3_1688579162_GuekdN1dQq1Y6JO%2F&previous_page_section_name=1000&federated_search_id=8517f3a9-9144-4739-bf76-ef76dd9e2067,Room in Nagewadi,Stay with Vitthal,", ",4.86 (63)
203,https://www.airbnb.co.in/rooms/922241380842360431?check_in=2023-07-05&check_out=2023-07-07&source_impression_id=p3_1688579162_NGiU89gMGtUGhqJ6&previous_page_section_name=1000&federated_search_id=8517f3a9-9144-4739-bf76-ef76dd9e2067,Hotel in Mumbai,1 bed,"₹2,556 per night, originally ₹3,116",New
204,https://www.airbnb.co.in/rooms/883004430739279230?check_in=2023-07-05&check_out=2023-07-07&source_impression_id=p3_1688579162_JsQrr%2Ft6HvqnPy%2Fq&previous_page_section_name=1000&federated_search_id=8517f3a9-9144-4739-bf76-ef76dd9e2067,Flat in Mumbai,4 beds,"₹8,700 per night",5.0 (3)
205,https://www.airbnb.co.in/rooms/859877157024653764?check_in=2023-07-05&check_out=2023-07-07&source_impression_id=p3_1688579163_CmursqGbfDsWkDrK&previous_page_section_name=1000&federated_search_id=4ca7e4c8-d92c-445e-8f0e-f0d1cfa53c36,Hotel in Thane,32 beds,"₹2,739 per night, originally ₹3,339",New
206,https://www.airbnb.co.in/rooms/783725368672259339?category_tag=Tag%3A8678&enable_m3_private_room=true&check_in=2023-07-05&check_out=2023-07-07&source_impression_id=p3_1688579163_p4GoJltx0dzq7cpN&previous_page_section_name=1000&federated_search_id=4ca7e4c8-d92c-445e-8f0e-f0d1cfa53c36,Room in Saral,Stay with Abhishek,", ",4.83 (6)
207,https://www.airbnb.co.in/rooms/54011149?check_in=2023-07-05&check_out=2023-07-07&source_impression_id=p3_1688579163_XYvmbCMa2y59OJfp&previous_page_section_name=1000&federated_search_id=4ca7e4c8-d92c-445e-8f0e-f0d1cfa53c36,Villa in Revdanda,4 beds,"₹4,882 per night",4.75 (55)
208,https://www.airbnb.co.in/rooms/724362572611873250?check_in=2023-07-05&check_out=2023-07-07&source_impression_id=p3_1688579163_bbAJSPCbZbWDE6jY&previous_page_section_name=1000&federated_search_id=4ca7e4c8-d92c-445e-8f0e-f0d1cfa53c36,Villa in Mumbai,4 beds,"₹19,254 per night",5.0 (3)
209,https://www.airbnb.co.in/rooms/900230726159015148?category_tag=Tag%3A8678&enable_m3_private_room=true&check_in=2023-07-05&check_out=2023-07-07&source_impression_id=p3_1688579163_g1vOykqYWFHtL2i%2B&previous_page_section_name=1000&federated_search_id=4ca7e4c8-d92c-445e-8f0e-f0d1cfa53c36,Room in Mumbai,Stay with Bharti,", ",New
210,https://www.airbnb.co.in/rooms/557266939652734571?check_in=2023-07-05&check_out=2023-07-07&source_impression_id=p3_1688579163_7yA3k0rLk4Sp4Sec&previous_page_section_name=1000&federated_search_id=4ca7e4c8-d92c-445e-8f0e-f0d1cfa53c36,Resort in Akshi,1 bed,"₹2,070 per night",4.33 (9)
211,https://www.airbnb.co.in/rooms/926535825423618536?check_in=2023-07-05&check_out=2023-07-07&source_impression_id=p3_1688579163_WPoQwCC8wTMWuRks&previous_page_section_name=1000&federated_search_id=4ca7e4c8-d92c-445e-8f0e-f0d1cfa53c36,Flat in Jambrung,2 beds,"₹2,283 per night",New
212,https://www.airbnb.co.in/rooms/51717535?check_in=2023-07-05&check_out=2023-07-07&source_impression_id=p3_1688579163_ULc%2FqWj%2BPkpb7tp3&previous_page_section_name=1000&federated_search_id=4ca7e4c8-d92c-445e-8f0e-f0d1cfa53c36,Flat in Alibag,1 queen bed,"₹3,081 per night",4.8 (89)
213,https://www.airbnb.co.in/rooms/51509285?check_in=2023-07-05&check_out=2023-07-07&source_impression_id=p3_1688579163_6%2FtKlwgQC5Nt3noI&previous_page_section_name=1000&federated_search_id=4ca7e4c8-d92c-445e-8f0e-f0d1cfa53c36,Farm stay in Shahapur,1 king bed,"₹3,652 per night, originally ₹4,439",4.8 (5)
214,https://www.airbnb.co.in/rooms/689686443385929367?category_tag=Tag%3A8678&enable_m3_private_room=true&check_in=2023-07-05&check_out=2023-07-07&source_impression_id=p3_1688579163_JbjJVMO22LCidLck&previous_page_section_name=1000&federated_search_id=4ca7e4c8-d92c-445e-8f0e-f0d1cfa53c36,Room in Pune,Stay with Alpesh,", ",4.72 (36)
215,https://www.airbnb.co.in/rooms/6929905?check_in=2023-07-05&check_out=2023-07-07&source_impression_id=p3_1688579163_%2BdAlfzZdpf0uy4en&previous_page_section_name=1000&federated_search_id=4ca7e4c8-d92c-445e-8f0e-f0d1cfa53c36,Flat in Mumbai,2 beds,"₹5,947 per night",4.74 (72)
216,https://www.airbnb.co.in/rooms/54047632?check_in=2023-07-05&check_out=2023-07-07&source_impression_id=p3_1688579163_%2F82%2F0hBLaN6%2BT9x8&previous_page_section_name=1000&federated_search_id=4ca7e4c8-d92c-445e-8f0e-f0d1cfa53c36,Apartment in Dhokshet,2 beds,"₹5,021 per night, originally ₹6,121",New
217,https://www.airbnb.co.in/rooms/571268844525644914?check_in=2023-07-05&check_out=2023-07-07&source_impression_id=p3_1688579163_n%2FooCNWu9p14LiVf&previous_page_section_name=1000&federated_search_id=4ca7e4c8-d92c-445e-8f0e-f0d1cfa53c36,Apartment in Pune,1 queen bed,"₹1,794 per night",4.72 (32)
218,https://www.airbnb.co.in/rooms/52120184?check_in=2023-07-05&check_out=2023-07-07&source_impression_id=p3_1688579163_JzVlvI2padQMN2V2&previous_page_section_name=1000&federated_search_id=4ca7e4c8-d92c-445e-8f0e-f0d1cfa53c36,Cottage in Mumbai,2 sofa beds,"₹4,280 per night",4.45 (11)
219,https://www.airbnb.co.in/rooms/912257078508195560?check_in=2023-07-05&check_out=2023-07-07&source_impression_id=p3_1688579164_7yyvYANy5J5ryrD%2F&previous_page_section_name=1000&federated_search_id=bf2ff738-8bc9-4f58-a5e5-e508e1e46066,Villa in Karjat,10 beds,"₹18,487 per night",5.0 (3)
220,https://www.airbnb.co.in/rooms/52330008?check_in=2023-07-05&check_out=2023-07-07&source_impression_id=p3_1688579164_5nCy1T4Iyhn9YKzd&previous_page_section_name=1000&federated_search_id=bf2ff738-8bc9-4f58-a5e5-e508e1e46066,Boutique hotel in Mahabaleshwar,1 bed,"₹2,605 per night",4.64 (28)
221,https://www.airbnb.co.in/rooms/676574537753268510?category_tag=Tag%3A8678&enable_m3_private_room=true&check_in=2023-07-05&check_out=2023-07-07&source_impression_id=p3_1688579164_aP9XFfMuFza8MFqQ&previous_page_section_name=1000&federated_search_id=bf2ff738-8bc9-4f58-a5e5-e508e1e46066,Room in Alibag,Stay with Anisha,", ",4.83 (12)
222,https://www.airbnb.co.in/rooms/51626575?check_in=2023-07-05&check_out=2023-07-07&source_impression_id=p3_1688579164_0FdzzqO1cemk8weH&previous_page_section_name=1000&federated_search_id=bf2ff738-8bc9-4f58-a5e5-e508e1e46066,Villa in Kihim,2 double beds,"₹20,458 per night, originally ₹22,450",4.85 (47)
223,https://www.airbnb.co.in/rooms/825331994423103404?check_in=2023-07-05&check_out=2023-07-07&source_impression_id=p3_1688579164_pV3qzd8dfthlIfCA&previous_page_section_name=1000&federated_search_id=bf2ff738-8bc9-4f58-a5e5-e508e1e46066,Flat in Pune,1 bed,"₹1,592 per night",5.0 (5)
224,https://www.airbnb.co.in/rooms/826838713734150838?check_in=2023-07-05&check_out=2023-07-07&source_impression_id=p3_1688579164_g3FrkwneJLxZOxql&previous_page_section_name=1000&federated_search_id=bf2ff738-8bc9-4f58-a5e5-e508e1e46066,Hotel in Alibag,1 bed,"₹1,369 per night",4.71 (7)
225,https://www.airbnb.co.in/rooms/53744986?category_tag=Tag%3A8678&enable_m3_private_room=true&check_in=2023-07-05&check_out=2023-07-07&source_impression_id=p3_1688579164_E6srkGuuvTSinLXa&previous_page_section_name=1000&federated_search_id=bf2ff738-8bc9-4f58-a5e5-e508e1e46066,Room in Mumbai,Stay with Paramjit Singh,"₹3,438 per night",4.0 (3)
226,https://www.airbnb.co.in/rooms/13550902?check_in=2023-07-05&check_out=2023-07-07&source_impression_id=p3_1688579164_Cj5ZhK34n%2BIbGfAt&previous_page_section_name=1000&federated_search_id=bf2ff738-8bc9-4f58-a5e5-e508e1e46066,Bungalow in Nandivali,3 beds,"₹2,671 per night",4.79 (135)
227,https://www.airbnb.co.in/rooms/29174131?check_in=2023-07-05&check_out=2023-07-07&source_impression_id=p3_1688579164_s%2BNruWJWlFzduCn0&previous_page_section_name=1000&federated_search_id=bf2ff738-8bc9-4f58-a5e5-e508e1e46066,Flat in Pune,4 beds,"₹2,111 per night",4.86 (178)
228,https://www.airbnb.co.in/rooms/891761325994718688?category_tag=Tag%3A8678&enable_m3_private_room=true&check_in=2023-07-05&check_out=2023-07-07&source_impression_id=p3_1688579164_oAi75S1J%2BtX%2BtkFO&previous_page_section_name=1000&federated_search_id=bf2ff738-8bc9-4f58-a5e5-e508e1e46066,Room in Mumbai,Stay with Astha,", ",New
229,https://www.airbnb.co.in/rooms/652709571010320486?category_tag=Tag%3A8678&enable_m3_private_room=true&check_in=2023-07-05&check_out=2023-07-07&source_impression_id=p3_1688579164_SYC1RU356XBcNFCI&previous_page_section_name=1000&federated_search_id=bf2ff738-8bc9-4f58-a5e5-e508e1e46066,Room in Mumbai,Stay with Jyothi,", ",4.71 (7)
230,https://www.airbnb.co.in/rooms/53210949?check_in=2023-07-05&check_out=2023-07-07&source_impression_id=p3_1688579164_6W%2BX88hTT%2FKPMjuD&previous_page_section_name=1000&federated_search_id=bf2ff738-8bc9-4f58-a5e5-e508e1e46066,Villa in Lonavla,4 queen beds,"₹11,254 per night, originally ₹16,435",4.97 (33)
231,https://www.airbnb.co.in/rooms/24548668?category_tag=Tag%3A8678&enable_m3_private_room=true&check_in=2023-07-05&check_out=2023-07-07&source_impression_id=p3_1688579164_amnefym5qiNxbJn0&previous_page_section_name=1000&federated_search_id=bf2ff738-8bc9-4f58-a5e5-e508e1e46066,Room in Mumbai,Stay with Jyothi,", ",4.4 (10)
232,https://www.airbnb.co.in/rooms/45875775?check_in=2023-07-05&check_out=2023-07-07&source_impression_id=p3_1688579164_m305Bw8e8Msd00%2B1&previous_page_section_name=1000&federated_search_id=bf2ff738-8bc9-4f58-a5e5-e508e1e46066,Villa in Lonavla,4 beds,"₹9,200 per night, originally ₹11,988",4.49 (71)
