,Link,Name,Subtitle,Price,Sale Price
0,,,,,
1,https://www.nike.com/in/t/zenvy-gentle-support-high-waisted-7-8-leggings-m78Wdj/DQ6016-325,Nike Zenvy,Women's Gentle-Support High-Waisted 7/8 Leggings, 5 495, 4 667
2,https://www.nike.com/in/t/free-run-5-road-running-shoes-m8L9mr/CZ1884-001,Nike Free Run 5.0,Men's Road Running Shoes, 8 295, 7 047
3,https://www.nike.com/in/t/e-series-1-shoes-j57hxR/DR5670-101,Nike E-Series 1.0,Men's Shoes, 8 695, 7 387
4,https://www.nike.com/in/t/juniper-trail-2-trail-running-shoes-PT4wqk/DM0822-004,Nike Juniper Trail 2,Men's Trail-Running Shoes, 7 095, 6 027
5,https://www.nike.com/in/t/dri-fit-challenger-18cm-2-in-1-versatile-shorts-rXcHcH/DV9358-010,Nike Dri-FIT Challenger,Men's 18cm (approx.) 2-in-1 Versatile Shorts, 2 495, 2 117
6,https://www.nike.com/in/t/air-force-1-07-shoe-NMmm1B/DD8959-112,Nike Air Force 1 '07,Women's Shoe, 8 195, 6 967
7,https://www.nike.com/in/t/air-max-flyknit-racer-next-nature-shoes-f0WTvp/FD0822-500,Nike Air Max Flyknit Racer Next Nature,Women's Shoes, 14 995, 10 497
8,https://www.nike.com/in/t/air-force-1-07-shoes-PM1B9J/FD0801-100,Nike Air Force 1 '07,Women's Shoes, 11 895, 8 327
9,https://www.nike.com/in/t/superrep-go-3-next-nature-flyknit-training-shoes-mxKptW/DH3394-402,Nike SuperRep Go 3 Next Nature Flyknit,Men's Training Shoes, 8 895, 7 557
10,https://www.nike.com/in/t/sb-skate-t-shirt-g49c6j/FB8137-010,Nike SB,Men's Skate T-Shirt, 2 495, 2 117
11,https://www.nike.com/in/t/dri-fit-training-tank-41MgJQ/DX7901-100,Nike Dri-FIT,Women's Training Tank, 1 995, 1 697
12,https://www.nike.com/in/t/air-force-1-07-shoes-GCqJKK/FJ5440-133,Nike Air Force 1 '07,Women's Shoes, 9 695, 8 237
13,https://www.nike.com/in/t/wio-10-road-running-shoes-GBqQMW/DV4022-100,Nike Winflo 10,Men's Road Running Shoes, 8 695, 7 387
14,https://www.nike.com/in/t/air-jordan-1-low-se-older-shoes-9rngn4/DV1324-117,Air Jordan 1 Low SE,Older Kids' Shoes, 8 295, 7 047
15,https://www.nike.com/in/t/air-jordan-1-low-se-older-shoes-kg1hPR/DV1335-800,Air Jordan 1 Low SE,Older Kids' Shoes, 8 295, 7 047
16,https://www.nike.com/in/t/air-force-1-older-shoes-1GxH0J/DV7762-001,Nike Air Force 1,Older Kids' Shoes, 6 995, 5 947
17,https://www.nike.com/in/t/jordan-delta-3-low-shoes-fQrm6Q/DN2647-103,Jordan Delta 3 Low,Men's Shoes, 12 795, 8 957
18,https://www.nike.com/in/t/pegasus-turbo-road-running-shoes-MSSVMK/DM3413-001,Nike Pegasus Turbo,Men's Road Running Shoes, 13 995, 11 897
19,https://www.nike.com/in/t/react-infinity-3-road-running-shoes-S5Srkq/DH5392-005,Nike React Infinity 3,Men's Road Running Shoes, 13 995, 11 897
20,https://www.nike.com/in/t/dri-fit-academy-football-shorts-Qfwbds/DV9743-007,Nike Dri-FIT Academy,Men's Football Shorts, 1 595, 1 357
21,https://www.nike.com/in/t/air-jordan-2-retro-low-titan-shoes-753NG3/DV6206-183,Air Jordan 2 Retro Low Titan,Shoes, 20 295, 17 247
22,https://www.nike.com/in/t/air-max-systm-shoes-hLmQ85/DM9537-104,Nike Air Max SYSTM,Men's Shoes, 8 595, 7 307
23,https://www.nike.com/in/t/react-miler-3-road-running-shoes-5xtNSj/DD0490-103,Nike React Miler 3,Men's Road Running Shoes, 10 495, 8 917
24,https://www.nike.com/in/t/revolution-6-road-running-shoes-vjrrwc/DC3729-500,Nike Revolution 6,Women's Road Running Shoes, 3 695, 3 137
25,https://www.nike.com/in/t/sb-ishod-wair-skate-shoes-ztVfc6/DZ5648-100,Nike SB Ishod Wair Premium,Skate Shoes, 9 695, 8 237
26,https://www.nike.com/in/t/sportswear-tech-pack-bodysuit-xsmMBQ/DQ6997-638,Nike Sportswear Tech Pack,Women's Bodysuit, 4 495, 3 147
27,https://www.nike.com/in/t/jordan-1-low-alt-shoes-RCQGFn/CI3436-215,Jordan 1 Low Alt,Baby & Toddler Shoes, 3 495, 2 967
28,https://www.nike.com/in/t/swoosh-older-tank-sports-bra-5PSrQr/FD4874-010,Nike Swoosh,Older Kids' (Girls') Tank Sports Bra, 1 795, 1 527
29,https://www.nike.com/in/t/culture-of-basketball-older-jacket-nP01cJ/DV3103-657,Nike Culture of Basketball,Older Kids' (Boys') Jacket, 4 795, 4 077
30,https://www.nike.com/in/t/jordan-flight-trucker-jacket-mKR4vX/DZ1377-254,Jordan Flight,Women's Trucker Jacket, 8 995, 6 297
31,https://www.nike.com/in/t/court-vision-low-shoes-Fh1wdP/FD0321-010,Nike Court Vision Low,Men's Shoes, 5 695, 4 837
32,https://www.nike.com/in/t/dunk-low-younger-shoes-QgzS96/FD1228-001,Nike Dunk Low,Younger Kids' Shoes, 4 995, 4 247
33,https://www.nike.com/in/t/air-force-1-07-lv8-shoes-VqVnxG/DV0794-001,Nike Air Force 1 '07 LV8,Men's Shoes, 10 795, 7 557
34,https://www.nike.com/in/t/air-force-1-07-lv8-shoes-Blj3sx/DV0789-100,Nike Air Force 1 '07 LV8,Men's Shoes, 10 795, 7 557
35,https://www.nike.com/in/t/jordan-max-aura-4-shoes-cKMcXJ/DN3687-061,Jordan Max Aura 4,Men's Shoes, 11 295, 9 597
36,https://www.nike.com/in/t/air-jordan-1-hi-flyease-shoes-Mqc70W/CQ3835-060,Air Jordan 1 Hi FlyEase,Men's Shoes, 12 795, 10 877
37,https://www.nike.com/in/t/air-max-90-shoes-K0Hf12/DQ4071-005,Nike Air Max 90,Men's Shoes, 10 795, 9 177
38,https://www.nike.com/in/t/air-force-1-07-shoes-QNnTzL/FD1448-664,Nike Air Force 1 '07,Women's Shoes, 9 695, 8 237
39,https://www.nike.com/in/t/legend-essential-3-next-nature-training-shoes-5fGtpP/DQ4674-100,Nike Legend Essential 3 Next Nature Premium,Women's Training Shoes, 5 695, 4 837
40,https://www.nike.com/in/t/air-jordan-5-dj-khaled-shoes-tQrmGS/DV4982-641,Air Jordan 5 x DJ Khaled,Men's Shoes, 20 295, 17 247
41,https://www.nike.com/in/t/jordan-stay-loyal-2-shoes-sDkgDk/DQ8401-101,Jordan Stay Loyal 2,Men's Shoes, 10 295, 8 747
42,https://www.nike.com/in/t/air-jordan-7-retro-se-shoes-xjGbvR/DZ4729-200,Air Jordan 7 Retro SE,Men's Shoes, 19 295, 13 507
43,https://www.nike.com/in/t/air-jordan-1-mid-se-shoes-BcB3MD/FD4330-101,Air Jordan 1 Mid SE,Men's Shoes, 11 895, 10 107
44,https://www.nike.com/in/t/metcon-8-training-shoes-p9rQzn/DO9328-101,Nike Metcon 8,Men's Training Shoes, 11 895, 10 107
45,https://www.nike.com/in/t/dunk-hi-retro-shoes-WVg5bq/DV0828-100,Nike Dunk Hi Retro,Men's Shoes, 10 295, 7 207
46,https://www.nike.com/in/t/sb-force-58-skate-shoes-MBcZqq/DV5476-001,Nike SB Force 58 Premium,Skate Shoes, 7 095, 6 027
47,https://www.nike.com/in/t/sb-zoom-blazer-mid-plus-skate-shoes-TSWztD/DV5468-300,Nike SB Zoom Blazer Mid Premium Plus,Skate Shoes, 9 195, 6 437
48,https://www.nike.com/in/t/wio-9-shield-weatherised-road-running-shoes-VVX2ZW/DM1106-001,Nike Winflo 9 Shield,Men's Weatherised Road Running Shoes, 9 695, 8 237
49,https://www.nike.com/in/t/jordan-delta-3-low-shoes-pTK7C9/DR5280-014,Jordan Delta 3 Low,Men's Shoes, 12 795, 10 877
50,https://www.nike.com/in/t/nikecourt-legacy-suede-shoes-QcMfd3/DH0956-700,NikeCourt Legacy Suede,Men's Shoes, 5 995, 5 097
51,https://www.nike.com/in/t/air-max-90-g-golf-shoe-qlD3wL/CU9978-012,Nike Air Max 90 G,Golf Shoe, 11 495, 8 047
52,https://www.nike.com/in/t/air-jordan-1-mid-se-older-shoes-KV633k/DV1314-017,Air Jordan 1 Mid SE,Older Kids' Shoes, 8 695, 7 387
53,https://www.nike.com/in/t/air-max-97-se-shoes-rjm3vj/DV2621-200,Nike Air Max 97 SE,Men's Shoes, 17 495, 12 247
54,https://www.nike.com/in/t/zion-2-pf-basketball-shoes-XCTSr4/DO9072-600,Zion 2 PF,Men's Basketball Shoes, 10 795, 9 177
55,https://www.nike.com/in/t/air-jordan-1-mid-se-shoes-1D10l1/DV1302-100,Air Jordan 1 Mid SE,Women's Shoes, 12 295, 10 447
56,https://www.nike.com/in/t/air-jordan-dub-zero-shoes-NW2bzv/311046-021,Air Jordan Dub Zero,Men's Shoes, 15 295, 12 997
57,https://www.nike.com/in/t/air-force-1-mid-07-shoes-ZzCgrn/DV0806-100,Nike Air Force 1 Mid '07,Men's Shoes, 10 795, 9 177
58,https://www.nike.com/in/t/gt-jump-basketball-shoes-22QS5F/CZ9907-800,Nike GT Jump,Basketball Shoes, 16 595, 14 107
59,https://www.nike.com/in/t/air-force-1-07-shoes-7rsrjR/DV0804-200,Nike Air Force 1 '07,Men's Shoes, 9 695, 8 237
60,https://www.nike.com/in/t/air-jordan-1-zoom-cmft-2-shoes-nX8Qqx/DV1307-205,Air Jordan 1 Zoom CMFT 2,Men's Shoes, 13 295, 11 297
61,https://www.nike.com/in/t/jordan-1-low-alt-se-shoes-hHsXBZ/FD2656-100,Jordan 1 Low Alt SE,Baby/Toddler Shoes, 4 495, 3 817
62,https://www.nike.com/in/t/air-force-1-07-se-shoes-0kl120/DQ7583-600,Nike Air Force 1 '07 SE,Women's Shoes, 9 695, 6 787
63,https://www.nike.com/in/t/air-max-90-g-nrg-golf-shoes-WR9pPS/DQ4128-155,Nike Air Max 90 G NRG,Golf Shoes, 13 995, 9 797
64,https://www.nike.com/in/t/air-force-1-high-07-lv8-emb-shoes-xmSnQK/DX4980-001,Nike Air Force 1 High '07 LV8 EMB,Men's Shoes, 11 295, 7 907
65,https://www.nike.com/in/t/sportswear-sport-essentials-woven-unlined-utility-shorts-mqth23/DM6834-334,Nike Sportswear Sport Essentials,Men's Woven Unlined Utility Shorts, 3 395, 2 887
66,https://www.nike.com/in/t/dunk-low-retro-shoes-jxJVmd/DV0827-100,Nike Dunk Low Retro Premium,Men's Shoes, 9 695, 6 787
67,https://www.nike.com/in/t/kevin-durant-2023-all-star-edition-jordan-dri-fit-nba-swingman-jersey-dmbvJn/DX6330-606,Kevin Durant 2023 All-Star Edition,Jordan Dri-FIT NBA Swingman Jersey, 6 495, 5 517
68,https://www.nike.com/in/t/paris-saint-germain-t-shirt-c3z8Nb/DV0634-014,Paris Saint-Germain,Men's T-Shirt, 1 795, 1 527
69,https://www.nike.com/in/t/air-french-terry-joggers-K9SsMt/DV9846-010,Nike Air,Men's French Terry Joggers, 5 195, 3 637
70,https://www.nike.com/in/t/jordan-brooklyn-fleece-crew-neck-sweatshirt-Ctt2nH/DQ7520-485,Jordan Brooklyn Fleece,Men's Crew-Neck Sweatshirt, 3 495, 2 967
71,https://www.nike.com/in/t/sb-skate-t-shirt-FLssR4/DX9463-100,Nike SB,Men's Skate T-Shirt, 2 695, 2 287
72,https://www.nike.com/in/t/sportswear-older-reversible-tunic-8MfWDx/DX5070-455,Nike Sportswear,Older Kids' Reversible Tunic, 2 995, 2 097
73,https://www.nike.com/in/t/pro-dri-fit-mid-rise-full-length-graphic-training-leggings-pw3wBS/DX0081-010,Nike Pro Dri-FIT,Women's Mid-Rise Full-Length Graphic Training Leggings, 3 195, 2 717
74,https://www.nike.com/in/t/jordan-series-es-shoes-FDtg9v/DN1856-700,Jordan Series ES,Men's Shoes, 7 495, 6 367
75,https://www.nike.com/in/t/blazer-low-77-jumbo-se-shoes-3wggct/FD0378-121,Nike Blazer Low '77 Jumbo SE,Men's Shoes, 9 195, 7 817
76,https://www.nike.com/in/t/all-star-essential-nba-t-shirt-gbznzD/DX9897-100,All-Star Essential,Men's Nike NBA T-Shirt, 1 795, 1 527
77,https://www.nike.com/in/t/air-max-flyknit-racer-shoes-GKR12g/FD2765-900,Nike Air Max Flyknit Racer,Men's Shoes, 14 995, 10 497
78,https://www.nike.com/in/t/dri-fit-bliss-mid-rise-training-skort-J5tjCT/DV9456-442,Nike Dri-FIT Bliss,Women's Mid-Rise Training Skort, 3 695, 3 137
79,https://www.nike.com/in/t/pegasus-39-road-running-shoes-kmZSD6/DH4071-009,Nike Pegasus 39,Men's Road Running Shoes, 10 495, 8 917
80,https://www.nike.com/in/t/sportswear-older-t-shirt-BcszKC/DZ3579-100,Nike Sportswear,Older Kids' (Girls') T-Shirt, 1 295, 1 097
81,https://www.nike.com/in/t/dri-fit-aerobill-legacy91-camo-training-cap-rc1zZQ/DV2992-010,Nike Dri-FIT AeroBill Legacy91,Camo Training Cap, 1 695, 1 437
82,https://www.nike.com/in/t/revolution-6-road-running-shoes-NC0P7k/DC3728-014,Nike Revolution 6,Men's Road Running Shoes, 3 695, 3 137
83,https://www.nike.com/in/t/jordan-23-engineered-classic99-cap-CwHZnP/DV3150-340,Jordan 23 Engineered Classic99,Cap, 1 695, 1 437
84,https://www.nike.com/in/t/air-huarache-se-shoes-1JLhLB/DX3264-902,Nike Air Huarache SE,Women's Shoes, 12 795, 12 157
85,https://www.nike.com/in/t/air-more-uptempo-serena-williams-design-crew-shoes-zZjBtn/DX4219-400,Nike Air More Uptempo x Serena Williams Design Crew,Shoes, 16 995, 14 447
86,https://www.nike.com/in/t/jordan-23-engineered-diamond-woven-trousers-tS4wB3/DX0510-113,Jordan 23 Engineered,Women's Diamond Woven Trousers, 7 495, 5 247
87,https://www.nike.com/in/t/pegasus-turbo-road-running-shoes-wq9drv/DM3414-500,Nike Pegasus Turbo,Women's Road Running Shoes, 13 995, 9 797
88,https://www.nike.com/in/t/offcourt-slides-ZBxx9j/BQ4639-021,Nike Offcourt,Men's Slides, 2 495, 2 117
89,https://www.nike.com/in/t/air-force-1-pltaform-shoes-GXrbs1/DZ5017-133,Nike Air Force 1 PLT.AF.ORM,Women's Shoes, 9 695, 8 237
90,https://www.nike.com/in/t/pegasus-flyease-easy-on-off-road-running-shoes-RlnnC7/DJ7381-300,Nike Pegasus FlyEase,Men's Easy On/Off Road Running Shoes, 10 495, 7 347
91,https://www.nike.com/in/t/metcon-8-mf-training-shoes-jPGBwd/DO9387-001,Nike Metcon 8 MF,Men's Training Shoes, 11 895, 8 327
92,https://www.nike.com/in/t/sportswear-older-t-shirt-BcszKC/DZ3579-010,Nike Sportswear,Older Kids' (Girls') T-Shirt, 1 295, 1 097
93,https://www.nike.com/in/t/air-jordan-12-a-ma-maniere-shoes-WZ6TMh/DV6989-100,Air Jordan 12 x A Ma Maniére,Women's Shoes, 20 295, 17 247
94,https://www.nike.com/in/t/heritage-waistpack-FPhDtm/DB0488-663,Nike,Heritage Waistpack, 1 395, 1 187
95,https://www.nike.com/in/t/air-max-90-se-shoes-VKcXCX/FD0376-043,Nike Air Max 90 SE,Women's Shoes, 11 895, 10 107
96,https://www.nike.com/in/t/air-deldon-deldon-designs-basketball-shoes-vZ0BsM/DM4097-001,Nike Air Deldon 'Deldon Designs',Basketball Shoes, 10 795, 7 557
97,https://www.nike.com/in/t/juniper-trail-2-trail-running-shoes-PT4wqk/DM0822-100,Nike Juniper Trail 2,Men's Trail-Running Shoes, 7 095, 4 967
98,https://www.nike.com/in/t/fc-barcelona-2022-23-stadium-third-older-dri-fit-football-shirt-GFZ0fw/DN2737-043,F.C. Barcelona 2022/23 Stadium Third,Older Kids' Nike Dri-FIT Football Shirt, 3 995, 2 797
99,https://www.nike.com/in/t/vomero-16-road-running-shoes-07Tngd/DA7698-104,Nike Vomero 16,Women's Road Running Shoes, 13 495, 9 447
100,https://www.nike.com/in/t/dunk-low-shoes-jRHJJW/FD1233-002,Nike Dunk Low,Baby/Toddler Shoes, 3 495, 2 967
101,https://www.nike.com/in/t/sportswear-older-scoop-neck-t-shirt-VsbS8p/DZ3593-100,Nike Sportswear,Older Kids' (Girls') Scoop-Neck T-Shirt, 1 295, 1 097
102,https://www.nike.com/in/t/af-1-shadow-shoes-MjtPWr/DR7883-102,Nike AF-1 Shadow,Women's Shoes, 11 895, 8 327
103,https://www.nike.com/in/t/pegasus-trail-4-trail-running-shoes-ccqgBb/DJ6159-600,Nike Pegasus Trail 4,Women's Trail-running Shoes, 11 595, 8 117
104,https://www.nike.com/in/t/fleece-fitness-top-Q64t8H/DV9907-012,Nike Therma-FIT,Men's Fleece Fitness Top, 4 495, 3 147
105,https://www.nike.com/in/t/superrep-cycle-2-next-nature-indoor-cycling-shoes-ttNK0V/DH3395-601,Nike SuperRep Cycle 2 Next Nature,Women's Indoor Cycling Shoes, 10 295, 7 207
106,https://www.nike.com/in/t/oneonta-next-nature-sandals-0dl7HC/FB1949-300,Nike Oneonta Next Nature,Women's Sandals, 5 695, 4 837
107,https://www.nike.com/in/t/pegasus-turbo-road-running-shoes-f3Q3zZ/DZ5221-100,Nike Pegasus Turbo,Women's Road Running Shoes, 14 195, 9 937
108,https://www.nike.com/in/t/run-swift-3-road-running-shoes-BrHm16/DR2695-003,Nike Run Swift 3,Men's Road Running Shoes, 6 295, 5 347
109,https://www.nike.com/in/t/air-jumpsuit-vbTLmk/DV8063-010,Nike Air,Women's Jumpsuit, 6 295, 5 347
110,https://www.nike.com/in/t/dri-fit-form-18cm-unlined-versatile-shorts-X1m0FM/DV9858-455,Nike Dri-FIT Form,Men's 18cm (approx.) Unlined Versatile Shorts, 2 395, 2 037
111,https://www.nike.com/in/t/force-1-lv8-3-and-shoe-T7KBVn/CW0986-002,Nike Force 1 LV8 3,Baby and Toddler Shoe, 4 995, 4 247
112,https://www.nike.com/in/t/dri-fit-swoosh-fly-1-4-zip-basketball-sweatshirt-45pDb2/DX0562-010,Nike Dri-FIT Swoosh Fly,Women's 1/4-Zip Basketball Sweatshirt, 5 495, 3 847
113,https://www.nike.com/in/t/air-force-1-07-next-nature-shoes-Kwpn0q/DN1430-107,Nike Air Force 1 '07 Next Nature,Women's Shoes, 8 895, 7 557
114,https://www.nike.com/in/t/react-miler-3-road-running-shoes-5xtNSj/DD0490-102,Nike React Miler 3,Men's Road Running Shoes, 10 495, 7 347
115,https://www.nike.com/in/t/air-force-1-shoes-pK50VL/DR9503-201,Nike Air Force 1 Premium,Women's Shoes, 11 895, 8 327
116,https://www.nike.com/in/t/air-max-270-shoes-GMBL00/FD0403-100,Nike Air Max 270,Men's Shoes, 14 995, 10 497
117,https://www.nike.com/in/t/air-max-90-shoes-2ct9P3/DQ0374-100,Nike Air Max 90,Women's Shoes, 11 895, 8 327
118,https://www.nike.com/in/t/dunk-low-se-older-shoes-p7df5D/DQ6215-001,Nike Dunk Low SE,Older Kids' Shoes, 6 995, 4 897
119,https://www.nike.com/in/t/renew-ride-3-road-running-shoes-fzS091/DC8185-102,Nike Renew Ride 3,Men's Road Running Shoes, 6 295, 5 347
120,https://www.nike.com/in/t/jordan-sport-keyhole-top-FJFJkr/DX0464-509,Jordan Sport,Women's Keyhole Top, 2 895, 2 027
121,https://www.nike.com/in/t/jordan-sport-keyhole-top-FJFJkr/DX0464-509,Jordan Sport,Women's Keyhole Top, 2 895, 2 027
122,https://www.nike.com/in/t/nikecourt-air-zoom-vapor-11-hard-court-tennis-shoes-8PLCHs/DR6966-100,NikeCourt Air Zoom Vapor 11,Men's Hard Court Tennis Shoes, 14 995, 10 497
123,https://www.nike.com/in/t/zoom-rival-athletics-multi-event-spikes-CNQGd9/DC8749-600,Nike Zoom Rival,Athletics Multi-Event Spikes, 5 695, 4 837
124,https://www.nike.com/in/t/air-jordan-1-elevate-high-shoes-rKPNHR/DN3253-105,Air Jordan 1 Elevate High,Women's Shoes, 14 195, 9 937
125,https://www.nike.com/in/t/dri-fit-aw84-trail-running-cap-wSWtKw/DR0469-368,Nike Dri-FIT AW84,Trail Running Cap, 1 995, 1 697
126,https://www.nike.com/in/t/sportswear-older-woven-utility-trousers-x67qC7/DM8105-379,Nike Sportswear,Older Kids' (Boys') Woven Utility Trousers, 2 795, 1 957
127,https://www.nike.com/in/t/zegama-trail-running-shoes-LhRsM7/DH0623-302,Nike Zegama,Men's Trail-Running Shoes, 13 995, 11 897
128,https://www.nike.com/in/t/dri-fit-fc-13cm-football-shorts-VXLtD5/DV9762-068,Nike Dri-FIT F.C.,Men's 13cm (approx.) Football Shorts, 2 995, 2 547
129,https://www.nike.com/in/t/streakfly-road-racing-shoes-V17qZm/DJ6566-400,Nike Streakfly,Road Racing Shoes, 14 995, 10 497
130,https://www.nike.com/in/t/air-force-1-07-lx-shoes-9ngpX4/FD4341-101,Nike Air Force 1 '07 LX,Women's Shoes, 9 195, 7 817
131,https://www.nike.com/in/t/dunk-low-lx-shoes-jfhLMw/DV7411-200,Nike Dunk Low LX,Women's Shoes, 10 795, 9 177
132,https://www.nike.com/in/t/sportswear-club-fleece-mid-rise-logo-joggers-ZbqNfG/DQ6768-010,Nike Sportswear Club Fleece,Women's Mid-Rise Logo Joggers, 3 495, 2 967
133,https://www.nike.com/in/t/jordan-12-a-ma-maniere-shoes-4HdDWJ/FB2687-001,Jordan 12 x A Ma Maniére,Baby/Toddler Shoes, 4 995, 4 247
134,https://www.nike.com/in/t/dri-fit-one-older-training-leggings-with-pockets-x77471/DX5005-010,Nike Dri-FIT One,Older Kids' (Girls') Training Leggings with Pockets, 2 395, 2 037
135,https://www.nike.com/in/t/dunk-low-se-older-shoes-kv9WbT/DV1694-900,Nike Dunk Low SE,Older Kids' Shoes, 6 995, 5 947
136,https://www.nike.com/in/t/air-force-1-mid-07-shoes-ZzCgrn/DV0806-001,Nike Air Force 1 Mid '07,Men's Shoes, 10 795, 9 177
137,https://www.nike.com/in/t/dri-fit-trail-running-t-shirt-KtnDGS/DV9380-410,Nike Dri-FIT,Men's Trail Running T-Shirt, 2 495, 2 117
138,https://www.nike.com/in/t/cosmic-unity-2-basketball-shoes-S6n2s3/DH1537-102,Nike Cosmic Unity 2,Basketball Shoes, 13 995, 11 897
139,https://www.nike.com/in/t/sportswear-t-shirt-zmMkxS/AR5005-379,Nike Sportswear,Men's T-Shirt, 1 295, 1 097
140,https://www.nike.com/in/t/air-max-flyknit-racer-shoes-GKR12g/FD2765-400,Nike Air Max Flyknit Racer,Men's Shoes, 14 995, 10 497
141,https://www.nike.com/in/t/hayward-2-backpack-k4vl3Z/CV1412-011,Nike Hayward 2.0,Backpack (26L), 4 295, 3 647
142,https://www.nike.com/in/t/dri-fit-training-t-shirt-Th4CTz/DR7576-100,Nike Dri-FIT,Men's Training T-Shirt, 2 495, 2 117
143,https://www.nike.com/in/t/giannis-antetokounmpo-2023-all-star-edition-jordan-dri-fit-nba-swingman-jersey-kMjL6P/DX6326-500,Giannis Antetokounmpo 2023 All-Star Edition,Jordan Dri-FIT NBA Swingman Jersey, 6 495, 5 517
144,https://www.nike.com/in/t/air-max-systm-shoes-VTHthT/FD0316-133,Nike Air Max SYSTM,Men's Shoes, 8 695, 7 387
145,https://www.nike.com/in/t/sb-bruin-high-skate-shoes-GHdhLJ/DR0126-001,Nike SB Bruin High,Skate Shoes, 7 495, 5 247
146,https://www.nike.com/in/t/sportswear-air-french-terry-pullover-hoodie-1r0DZb/DV9778-657,Nike Sportswear Air,Men's French Terry Pullover Hoodie, 5 695, 4 837
147,https://www.nike.com/in/t/pegasus-turbo-road-running-shoes-wq9drv/DM3414-100,Nike Pegasus Turbo,Women's Road Running Shoes, 13 995, 11 897
148,https://www.nike.com/in/t/dri-fit-one-older-leggings-G92NzF/DV3134-010,Nike Dri-FIT One,Older Kids' (Girls') Leggings, 2 395, 2 037
149,https://www.nike.com/in/t/sportswear-classic-99-trucker-cap-k3ZFDZ/DC3984-368,Nike Sportswear Classic 99,Trucker Cap, 1 295, 1 097
150,https://www.nike.com/in/t/air-max-90-shoes-kRsBnD/DM0029-104,Nike Air Max 90,Men's Shoes, 10 795, 9 177
151,https://www.nike.com/in/t/air-more-uptempo-shoes-HGBtVm/DQ6202-001,Nike Air More Uptempo,Baby/Toddler Shoes, 6 095, 4 267
152,https://www.nike.com/in/t/air-max-95-shoes-DWVbzZ/DM0011-003,Nike Air Max 95,Men's Shoes, 14 995, 10 497
153,https://www.nike.com/in/t/fc-nike-dri-fit-football-t-shirt-Tvn1fH/FD0040-010,Nike F.C.,Men's Nike Dri-FIT Football T-Shirt, 1 795, 1 527
154,https://www.nike.com/in/t/zegama-trail-running-shoes-LhRsM7/DH0623-700,Nike Zegama,Men's Trail-Running Shoes, 13 995, 11 897
155,https://www.nike.com/in/t/jordan-brand-festive-t-shirt-x0kbHn/DV1433-010,Jordan Brand Festive,Men's T-Shirt, 1 795, 1 527
156,https://www.nike.com/in/t/sportswear-circa-96-woven-jacket-Mkj1Pv/DV8083-104,Nike Sportswear Circa 96,Women's Woven Jacket, 9 995, 8 497
157,https://www.nike.com/in/t/air-max-alpha-trainer-5-training-shoes-x8Jzj6/DM0829-102,Nike Air Max Alpha Trainer 5,Men's Training Shoes, 7 495, 6 367
158,https://www.nike.com/in/t/liverpool-fc-2022-23-stadium-home-dri-fit-football-shirt-XhnBrv/DM1843-609,Liverpool F.C. 2022/23 Stadium Home,Men's Nike Dri-FIT Football Shirt, 4 695, 3 287
159,https://www.nike.com/in/t/dri-fit-legend-older-training-t-shirt-GQGRGv/DX9537-100,Nike Dri-FIT Legend,Older Kids' Training T-Shirt,895,757
160,https://www.nike.com/in/t/renew-retaliation-tr-3-training-shoe-bXHHts/DA1350-007,Nike Renew Retaliation TR 3,Men's Training Shoe, 5 995, 5 697
161,https://www.nike.com/in/t/nikecourt-air-zoom-vapor-pro-2-hard-court-tennis-shoes-8cpW40/DR6191-100,NikeCourt Air Zoom Vapor Pro 2,Men's Hard Court Tennis Shoes, 10 795, 9 177
162,https://www.nike.com/in/t/jumpman-two-trey-shoes-rhmBzG/DO1925-148,Jumpman Two Trey,Men's Shoes, 13 995, 9 797
163,https://www.nike.com/in/t/zoom-fly-5-road-running-shoes-lkx7Zp/DM8968-100,Nike Zoom Fly 5,Men's Road Running Shoes, 14 995, 12 747
164,https://www.nike.com/in/t/dri-fit-victory-camo-golf-polo-LVVgm0/DV7905-355,Nike Dri-FIT Victory+,Men's Camo Golf Polo, 2 895, 2 457
165,https://www.nike.com/in/t/blazer-mid-pro-club-shoes-xCk8SQ/DQ7673-101,Nike Blazer Mid Pro Club,Men's Shoes, 9 695, 6 787
166,https://www.nike.com/in/t/air-max-tw-shoes-DhpWvV/DQ3984-102,Nike Air Max TW,Men's Shoes, 14 995, 12 747
167,https://www.nike.com/in/t/jordan-23-engineered-woven-jacket-B8mw63/DX0504-113,Jordan 23 Engineered,Women's Woven Jacket, 9 995, 6 997
168,https://www.nike.com/in/t/jordan-flight-mvp-fleece-pullover-hoodie-Z7kcns/DV7592-010,Jordan Flight MVP,Men's Fleece Pullover Hoodie, 3 895, 3 307
169,https://www.nike.com/in/t/jordan-flight-mvp-fleece-pullover-hoodie-Z7kcns/DV7592-010,Jordan Flight MVP,Men's Fleece Pullover Hoodie, 3 895, 3 307
170,https://www.nike.com/in/t/dunk-low-se-older-shoes-34MJs7/DV8919-100,Nike Dunk Low SE,Older Kids' Shoes, 6 995, 5 947
171,https://www.nike.com/in/t/jordan-23-engineered-classic99-cap-CwHZnP/DV3150-010,Jordan 23 Engineered Classic99,Cap, 1 695, 1 437
172,https://www.nike.com/in/t/air-jordan-1-mid-se-shoes-NPvjSb/FD4331-121,Air Jordan 1 Mid SE,Women's Shoes, 11 895, 10 107
173,https://www.nike.com/in/t/dri-fit-swoosh-run-printed-running-jacket-tN0D60/DX1040-010,Nike Dri-FIT Swoosh Run,Women's Printed Running Jacket, 5 295, 3 707
174,https://www.nike.com/in/t/nikecourt-air-zoom-nxt-hard-court-tennis-shoes-XQQ18H/DV3276-100,NikeCourt Air Zoom NXT,Men's Hard Court Tennis Shoes, 12 795, 10 877
175,https://www.nike.com/in/t/sportswear-long-sleeve-max90-t-shirt-Kjxs8m/FD0953-121,Nike Sportswear,Men's Long-Sleeve Max90 T-Shirt, 2 695, 1 887
176,https://www.nike.com/in/t/air-force-1-07-mid-shoe-97zFXS/DD9625-101,Nike Air Force 1 '07 Mid,Women's Shoe, 9 695, 6 787
177,https://www.nike.com/in/t/air-max-alpha-trainer-5-training-shoes-x8Jzj6/DM0829-100,Nike Air Max Alpha Trainer 5,Men's Training Shoes, 7 495, 6 367
178,https://www.nike.com/in/t/jordan-stay-loyal-2-shoes-sDkgDk/DQ8401-061,Jordan Stay Loyal 2,Men's Shoes, 10 295, 8 747
179,https://www.nike.com/in/t/jordan-max-aura-4-shoes-cKMcXJ/DN3687-104,Jordan Max Aura 4,Men's Shoes, 11 295, 7 907
180,https://www.nike.com/in/t/pegasus-flyease-easy-on-off-road-running-shoes-RlnnC7/DJ7381-400,Nike Pegasus FlyEase,Men's Easy On/Off Road Running Shoes, 10 495, 8 917
181,https://www.nike.com/in/t/air-max-97-se-shoes-Q9Jrdn/DV7421-001,Nike Air Max 97 SE,Men's Shoes, 16 995, 14 447
182,https://www.nike.com/in/t/paris-saint-germain-fleece-hoodie-43Lf5F/DV0611-010,Paris Saint-Germain,Men's Fleece Hoodie, 3 995, 3 397
183,https://www.nike.com/in/t/dunk-low-shoes-VvsHVn/DZ5634-800,Nike Dunk Low,Toddler Shoes, 4 995, 3 497
184,https://www.nike.com/in/t/mc-trainer-2-training-shoes-WFVXbk/DM0823-005,Nike MC Trainer 2,Men's Training Shoes, 5 695, 4 837
185,https://www.nike.com/in/t/react-infinity-3-road-running-shoes-3Vn30D/DZ3016-600,Nike React Infinity 3,Women's Road Running Shoes, 13 995, 9 797
186,https://www.nike.com/in/t/waffle-one-vintage-shoes-VT7Dcr/DX2929-600,Nike Waffle One Vintage,Women's Shoes, 9 695, 8 237
187,https://www.nike.com/in/t/sportswear-heritage-86-adjustable-cap-7g0hKX/943091-072,Nike Sportswear Heritage 86,Adjustable Cap, 1 095,927
188,https://www.nike.com/in/t/jordan-flight-mvp-long-sleeve-t-shirt-DbtPqs/DV8432-030,Jordan Flight MVP,Men's Long-sleeve T-shirt, 2 595, 2 207
189,https://www.nike.com/in/t/air-max-270-shoes-kXwJCs/FD0824-100,Nike Air Max 270,Women's Shoes, 14 995, 12 747
190,https://www.nike.com/in/t/wildhorse-8-trail-running-shoes-jmMdD9/DR2689-001,Nike Wildhorse 8,Women's Trail-Running Shoes, 11 895, 10 107
191,https://www.nike.com/in/t/lebron-long-sleeve-basketball-t-shirt-f3Nbtt/DV9723-010,LeBron,Men's Long-Sleeve Basketball T-Shirt, 2 495, 2 117
192,https://www.nike.com/in/t/air-max-flyknit-racer-shoes-rVNTNl/DM9073-100,Nike Air Max Flyknit Racer,Women's Shoes, 14 995, 12 747
193,https://www.nike.com/in/t/sportswear-classic-99-trucker-cap-k3ZFDZ/DC3984-011,Nike Sportswear Classic 99,Trucker Cap, 1 295, 1 097
194,https://www.nike.com/in/t/air-classic99-cap-GMtvHk/DH2423-100,Nike Air Classic99,Cap, 1 295, 1 097
195,https://www.nike.com/in/t/air-jordan-xxxvii-low-pf-basketball-shoes-lXs6Km/DV9908-401,Air Jordan XXXVII Low PF,Men's Basketball Shoes, 16 295, 13 847
196,https://www.nike.com/in/t/air-force-1-lv8-3-older-shoes-4stfcl/DV1622-001,Nike Air Force 1 LV8 3,Older Kids' Shoes, 7 495, 5 247
197,https://www.nike.com/in/t/dynamo-go-younger-easy-on-off-shoes-dCf2Zv/DH3437-601,Nike Dynamo Go,Younger Kids' Easy On/Off Shoes, 4 995, 4 247
198,https://www.nike.com/in/t/dunk-low-se-shoes-5q0mnf/DV1160-100,Nike Dunk Low SE,Women's Shoes, 9 695, 8 237
199,https://www.nike.com/in/t/waffle-debut-shoes-sgC53B/DV0813-100,Nike Waffle Debut Premium,Men's Shoes, 6 295, 5 347
200,https://www.nike.com/in/t/swoosh-support-padded-sports-bra-tank-HD1ngC/DV9898-653,Nike Swoosh,Women's Medium-support Padded Sports Bra Tank, 3 095, 2 627
201,https://www.nike.com/in/t/air-force-1-lv8-older-shoes-b0hM4T/DV1680-100,Nike Air Force 1 LV8,Older Kids' Shoes, 7 495, 5 247
202,https://www.nike.com/in/t/dri-fit-adv-techknit-ultra-short-sleeve-running-top-LtWZDC/DM4754-309,Nike Dri-FIT ADV TechKnit Ultra,Men's Short-Sleeve Running Top, 3 895, 2 727
203,https://www.nike.com/in/t/air-max-tw-shoes-DhpWvV/DQ3984-100,Nike Air Max TW,Men's Shoes, 14 995, 10 497
204,https://www.nike.com/in/t/quest-5-road-running-shoes-8wZR01/DD0204-102,Nike Quest 5,Men's Road Running Shoes, 6 295, 4 407
205,https://www.nike.com/in/t/jordan-sophia-slides-dcq32F/DO8863-300,Jordan Sophia,Women's Slides, 7 495, 6 367
206,https://www.nike.com/in/t/tc-7900-shoes-7cVrN4/FD0385-121,Nike TC 7900 Premium,Women's Shoes, 11 895, 10 107
207,https://www.nike.com/in/t/dri-fit-academy-zip-football-pants-8b9MKW/DV9741-013,Nike Dri-FIT Academy,Men's Zip Football Pants, 2 595, 1 817
208,https://www.nike.com/in/t/acg-long-sleeve-t-shirt-j21RPm/DX9453-100,Nike ACG,Men's Long-Sleeve T-Shirt, 3 495, 2 447
209,https://www.nike.com/in/t/jordan-series-5-se-low-shoes-LqtnBB/DZ7737-600,Jordan Series .05 SE Low,Women's Shoes, 8 495, 5 947
210,https://www.nike.com/in/t/oneonta-sandals-hb3phr/DJ6603-001,Nike Oneonta,Sandals, 4 995, 4 247
211,https://www.nike.com/in/t/dri-fit-fc-13cm-football-shorts-VXLtD5/DV9762-455,Nike Dri-FIT F.C.,Men's 13cm (approx.) Football Shorts, 2 995, 2 547
212,https://www.nike.com/in/t/outdoor-play-older-oversized-woven-jacket-2xFNzT/DQ8744-072,Nike Outdoor Play,Older Kids' Oversized Woven Jacket, 3 895, 3 307
213,https://www.nike.com/in/t/jordan-artist-series-by-parker-duncan-hoodie-hwPhKF/DX0387-274,Jordan Artist Series by Parker Duncan,Women's Hoodie, 4 395, 3 077
214,https://www.nike.com/in/t/p-6000-shoes-WCPL3C/FJ5443-113,Nike P-6000,Shoes, 9 695, 8 237
215,https://www.nike.com/in/t/sb-skyring-skate-shorts-5DFqgB/DV9070-010,Nike SB,Skyring Skate Shorts, 3 695, 3 137
216,https://www.nike.com/in/t/jordan-shelflife-crew-neck-sweatshirt-mFtjbW/DV7014-206,Jordan x Shelflife,Women's Crew-Neck Sweatshirt, 5 995, 5 097
217,https://www.nike.com/in/t/culture-of-basketball-older-trousers-LBPpXS/DQ8952-657,Nike Culture of Basketball,Older Kids' (Boys') Trousers, 2 595, 2 207
218,https://www.nike.com/in/t/free-metcon-4-training-shoes-k5B8Jf/CZ0596-501,Nike Free Metcon 4,Women's Training Shoes, 10 295, 7 207
219,https://www.nike.com/in/t/tempo-road-running-shoes-chNfdw/CI9923-600,Nike Tempo,Men's Road Running Shoes, 17 595, 14 957
220,https://www.nike.com/in/t/blazer-mid-pro-club-shoes-xCk8SQ/DQ7673-001,Nike Blazer Mid Pro Club,Men's Shoes, 9 695, 8 237
221,https://www.nike.com/in/t/wildhorse-8-trail-running-shoes-TKwbBn/DR2686-400,Nike Wildhorse 8,Men's Trail-Running Shoes, 11 895, 10 107
222,https://www.nike.com/in/t/dynamo-go-easy-on-off-shoes-st92bW/DH3438-601,Nike Dynamo Go,Baby/Toddler Easy On/Off Shoes, 3 995, 3 397
223,https://www.nike.com/in/t/air-max-plus-se-shoes-65n6lQ/DV7665-002,Nike Air Max Plus SE,Men's Shoes, 15 995, 13 597
224,https://www.nike.com/in/t/air-max-97-se-shoes-ldG7wH/DV2619-100,Nike Air Max 97 SE,Men's Shoes, 17 495, 14 867
225,https://www.nike.com/in/t/dunk-high-se-older-shoes-HkL47T/DV1724-100,Nike Dunk High SE,Older Kids' Shoes, 7 995, 5 597
226,https://www.nike.com/in/t/tech-fleece-pullover-graphic-hoodie-tw9mG8/DX0578-010,Nike Tech Fleece,Men's Pullover Graphic Hoodie, 5 995, 4 197
227,https://www.nike.com/in/t/dri-fit-one-older-biker-shorts-XLGzJk/DZ4623-451,Nike Dri-FIT One,Older Kids' (Girls') Biker Shorts, 1 695, 1 437
228,https://www.nike.com/in/t/air-jordan-6-retro-older-shoes-x3z2WR/384665-141,Air Jordan 6 Retro,Older Kids' Shoes, 11 995, 11 397
229,https://www.nike.com/in/t/sportswear-high-waisted-7-8-gingham-leggings-12hxCt/DV7851-623,Nike Sportswear,Women's High-Waisted 7/8 Gingham Leggings, 2 795, 1 957
230,https://www.nike.com/in/t/forward-hoodie-hoodie-qKbJFt/DX4303-084,Nike Forward Hoodie,Men's Hoodie, 8 995, 6 297
231,https://www.nike.com/in/t/culture-of-basketball-older-tearaway-basketball-trousers-NK6c89/DX5521-677,Nike Culture of Basketball,Older Kids' Tearaway Basketball Trousers, 2 795, 1 957
232,https://www.nike.com/in/t/lebron-witness-7-ep-basketball-shoes-FKPXCg/DM1122-400,LeBron Witness 7 EP,Basketball Shoes, 8 695, 7 387
233,https://www.nike.com/in/t/sportswear-older-oversized-fleece-trousers-k79xWp/DX5069-010,Nike Sportswear,Older Kids' (Girls') Oversized Fleece Trousers, 3 095, 2 167
234,https://www.nike.com/in/t/air-force-1-mid-off-white-shoes-7LDx46/DO6290-001,Nike Air Force 1 Mid x Off-White ™,Men's Shoes, 16 995, 14 447
235,https://www.nike.com/in/t/air-huarache-shoes-fg69qQ/DD1068-111,Nike Air Huarache,Men's Shoes, 10 295, 7 207
236,https://www.nike.com/in/t/sportswear-legacy-91-adjustable-cap-0G7r6C/DC3988-411,Nike Sportswear Legacy 91,Adjustable Cap, 1 595, 1 357
237,https://www.nike.com/in/t/sportswear-swoosh-short-sleeve-dress-tTz5BP/DM6192-010,Nike Sportswear Swoosh,Women's Short-Sleeve Dress, 2 595, 2 207
238,https://www.nike.com/in/t/jordan-dri-fit-sport-diamond-shorts-jzGDZg/DV9779-022,Jordan Dri-FIT Sport,Men's Diamond Shorts, 2 795, 2 377
239,https://www.nike.com/in/t/tanjun-younger-shoes-X5Pc4x/818382-011,Nike Tanjun,Younger Kids' Shoes, 3 995, 2 797
240,https://www.nike.com/in/t/jordan-23-engineered-fleece-shorts-WwzgMG/DV7685-010,Jordan 23 Engineered,Men's Fleece Shorts, 3 295, 2 797
241,https://www.nike.com/in/t/jordan-dri-fit-sport-diamond-shorts-jzGDZg/DV9779-022,Jordan Dri-FIT Sport,Men's Diamond Shorts, 2 795, 2 377
242,https://www.nike.com/in/t/tanjun-younger-shoes-X5Pc4x/818382-011,Nike Tanjun,Younger Kids' Shoes, 3 995, 2 797
243,https://www.nike.com/in/t/jordan-23-engineered-fleece-shorts-WwzgMG/DV7685-010,Jordan 23 Engineered,Men's Fleece Shorts, 3 295, 2 797
244,https://www.nike.com/in/t/air-max-tw-shoes-DhpWvV/DQ3984-002,Nike Air Max TW,Men's Shoes, 14 995, 10 497
245,https://www.nike.com/in/t/jordan-artist-series-by-umar-rashid-flight-fleece-pullover-hoodie-DDqfNM/DV7571-274,Jordan Artist Series by Umar Rashid,Men's Flight Fleece Pullover Hoodie, 4 395, 3 737
246,https://www.nike.com/in/t/dri-fit-run-division-short-sleeve-running-top-dk7c3G/DX0200-536,Nike Dri-FIT Run Division,Women's Short-Sleeve Running Top, 4 695, 3 987
247,https://www.nike.com/in/t/sb-ishod-wair-skate-shoes-ztVfc6/DZ5648-101,Nike SB Ishod Wair Premium,Skate Shoes, 9 695, 8 237
248,https://www.nike.com/in/t/renew-retaliation-4-training-shoes-Krd2p1/DH0606-007,Nike Renew Retaliation 4,Men's Training Shoes, 6 295, 4 407
249,https://www.nike.com/in/t/air-max-terrascape-plus-shoes-DxBxSX/DQ3977-002,Nike Air Max Terrascape Plus,Men's Shoes, 16 995, 11 897
250,https://www.nike.com/in/t/one-older-dri-fit-training-tank-hJBdGW/DH5215-010,Nike One,Older Kids' (Girls') Dri-FIT Training Tank, 1 395, 1 187
251,https://www.nike.com/in/t/dri-fit-uv-hyverse-short-sleeve-graphic-fitness-top-zc76Ng/DV9844-309,Nike Dri-FIT UV Hyverse,Men's Short-Sleeve Graphic Fitness Top, 2 495, 2 117
252,https://www.nike.com/in/t/metcon-8-training-shoes-p9rQzn/DO9328-300,Nike Metcon 8,Men's Training Shoes, 11 895, 8 327
253,https://www.nike.com/in/t/pegasus-turbo-road-running-shoes-MSSVMK/DM3413-600,Nike Pegasus Turbo,Men's Road Running Shoes, 13 995, 11 897
254,https://www.nike.com/in/t/sportswear-ribbed-jersey-short-sleeve-top-cCKTZS/DV7871-440,Nike Sportswear,Women's Ribbed Jersey Short-Sleeve Top, 3 295, 2 797
255,https://www.nike.com/in/t/blazer-mid-77-dance-older-shoes-1Cv7jt/DQ6084-400,Nike Blazer Mid '77 Dance,Older Kids' Shoes, 6 995, 4 897
256,https://www.nike.com/in/t/max90-basketball-t-shirt-qr7n8L/DZ2684-010,Nike Max90,Men's Basketball T-Shirt, 2 495, 2 117
257,https://www.nike.com/in/t/sportswear-air-french-terry-crew-CSbFSR/DV9830-222,Nike Sportswear Air,Men's French Terry Crew, 5 195, 4 417
258,https://www.nike.com/in/t/wio-9-road-running-shoes-185Kr9/DD6203-401,Nike Winflo 9,Men's Road Running Shoes, 8 495, 5 947
259,https://www.nike.com/in/t/sportswear-essential-older-mid-rise-leggings-VjgMbV/DX5026-451,Nike Sportswear Essential,Older Kids' (Girls') Mid-Rise Leggings, 1 795, 1 527
260,https://www.nike.com/in/t/sportswear-ribbed-jersey-short-sleeve-top-cCKTZS/DV7871-010,Nike Sportswear,Women's Ribbed Jersey Short-Sleeve Top, 3 295, 2 797
261,https://www.nike.com/in/t/acg-dri-fit-adv-goat-rocks-long-sleeve-top-l5gWhB/DQ5853-087,Nike ACG Dri-FIT ADV 'Goat Rocks',Women's Long-Sleeve Top, 2 795, 1 957
262,https://www.nike.com/in/t/air-force-1-lv8-3-older-shoe-ZHSK2f/CJ4092-002,Nike Air Force 1 LV8 3,Older Kids' Shoe, 7 495, 6 367
263,https://www.nike.com/in/t/dunk-high-older-shoes-5g3xvG/DB2179-006,Nike Dunk High,Older Kids' Shoes, 6 995, 5 947
264,https://www.nike.com/in/t/oneonta-next-nature-sandals-0dl7HC/FB1949-001,Nike Oneonta Next Nature,Women's Sandals, 5 695, 4 837
265,https://www.nike.com/in/t/jordan-flight-mvp-graphic-t-shirt-1qXkl8/DV8434-817,Jordan Flight MVP,Men's Graphic T-Shirt, 1 995, 1 697
266,https://www.nike.com/in/t/sportswear-adv-tech-pack-trench-coat-PjCP2d/DV8231-606,Nike Sportswear Storm-FIT ADV Tech Pack,Women's Trench Coat, 15 995, 11 197
267,https://www.nike.com/in/t/dri-fit-miler-short-sleeve-camo-running-top-h1jtBH/DQ4737-010,Nike Dri-FIT Miler,Men's Short-Sleeve Camo Running Top, 2 195, 1 867
268,https://www.nike.com/in/t/omni-multi-court-older-indoor-court-shoes-pK2fcM/DM9027-001,Nike Omni Multi-Court,Older Kids' Indoor Court Shoes, 4 495, 3 817
269,https://www.nike.com/in/t/air-jordan-1-mid-se-shoes-1D10l1/DV1302-400,Air Jordan 1 Mid SE,Women's Shoes, 12 295, 10 447
270,https://www.nike.com/in/t/court-vision-low-next-nature-shoes-N2fFHb/DH2987-106,Nike Court Vision Low Next Nature,Men's Shoes, 4 995, 4 247
271,https://www.nike.com/in/t/pegasus-trail-4-gore-tex-waterproof-trail-running-shoes-pQ2Pzs/DJ7926-002,Nike Pegasus Trail 4 GORE-TEX,Men's Waterproof Trail-Running Shoes, 14 995, 12 747
272,https://www.nike.com/in/t/air-jordan-1-mid-shoes-86f1ZW/BQ6472-061,Air Jordan 1 Mid,Women's Shoes, 11 495, 9 767
273,https://www.nike.com/in/t/offcourt-slides-kJDhS7/BQ4632-106,Nike Offcourt,Women's Slides, 2 495, 2 117
274,https://www.nike.com/in/t/air-max-90-ltr-shoes-2nQ6XD/FD0789-600,Nike Air Max 90 LTR,Men's Shoes, 12 795, 8 957
275,https://www.nike.com/in/t/sportswear-older-fleece-sweatshirt-6shzHG/DX5097-010,Nike Sportswear,Older Kids' (Boys') Fleece Sweatshirt, 2 895, 2 457
276,https://www.nike.com/in/t/blazer-mid-77-se-shoes-V0BsBs/DV0797-100,Nike Blazer Mid '77 SE,Men's Shoes, 9 695, 6 787
277,https://www.nike.com/in/t/streakfly-road-racing-shoes-V17qZm/DJ6566-102,Nike Streakfly,Road Racing Shoes, 14 995, 12 747
278,https://www.nike.com/in/t/air-force-1-mid-07-shoes-n8McRd/DZ2672-101,Nike Air Force 1 Mid '07,Men's Shoes, 14 995, 10 497
279,https://www.nike.com/in/t/wio-9-road-running-shoes-185Kr9/DD6203-002,Nike Winflo 9,Men's Road Running Shoes, 8 495, 7 217
280,https://www.nike.com/in/t/dri-fit-dna-basketball-shorts-2DQMSk/CV1898-030,Nike Dri-FIT DNA+,Men's Basketball Shorts, 2 895, 2 457
281,https://www.nike.com/in/t/sportswear-older-fleece-sweatshirt-6shzHG/DX5097-410,Nike Sportswear,Older Kids' (Boys') Fleece Sweatshirt, 2 895, 2 457
282,https://www.nike.com/in/t/air-force-1-high-07-lv8-shoes-RTQ6x1/DV0790-001,Nike Air Force 1 High '07 LV8,Men's Shoes, 12 295, 7 377
283,https://www.nike.com/in/t/sportswear-older-fleece-hoodie-G7Wx30/DX5018-451,Nike Sportswear,Older Kids' (Girls') Fleece Hoodie, 3 095, 2 627
284,https://www.nike.com/in/t/air-older-cropped-t-shirt-9Dn01C/DZ3582-532,Nike Air,Older Kids' (Girls') Cropped T-Shirt, 1 495, 1 267
285,https://www.nike.com/in/t/aerobill-adjustable-training-visor-ZqbGnx/AV6960-010,Nike AeroBill,Adjustable Training Visor, 1 295, 1 097
286,https://www.nike.com/in/t/air-huarache-craft-shoes-Xf0QhN/DQ8031-100,Nike Air Huarache Craft,Women's Shoes, 11 895, 8 327
287,https://www.nike.com/in/t/pegasus-turbo-road-running-shoes-MSSVMK/DM3413-400,Nike Pegasus Turbo,Men's Road Running Shoes, 13 995, 9 797
288,https://www.nike.com/in/t/serena-williams-design-crew-slim-fit-mock-neck-long-sleeve-t-shirt-qZ57FW/FB1237-010,Serena Williams Design Crew,Women's Slim-fit Mock-neck Long-sleeve T-shirt, 2 795, 1 957
289,https://www.nike.com/in/t/aerobill-adjustable-training-visor-ZqbGnx/AV6960-010,Nike AeroBill,Adjustable Training Visor, 1 295, 1 097
290,https://www.nike.com/in/t/air-huarache-craft-shoes-Xf0QhN/DQ8031-100,Nike Air Huarache Craft,Women's Shoes, 11 895, 8 327
291,https://www.nike.com/in/t/pegasus-turbo-road-running-shoes-MSSVMK/DM3413-400,Nike Pegasus Turbo,Men's Road Running Shoes, 13 995, 9 797
292,https://www.nike.com/in/t/serena-williams-design-crew-slim-fit-mock-neck-long-sleeve-t-shirt-qZ57FW/FB1237-010,Serena Williams Design Crew,Women's Slim-fit Mock-neck Long-sleeve T-shirt, 2 795, 1 957
293,https://www.nike.com/in/t/sportswear-circa-96-high-waisted-breakaway-trousers-sfS1qx/DV8093-104,Nike Sportswear Circa 96,Women's High-waisted Breakaway Trousers, 4 995, 4 247
294,https://www.nike.com/in/t/sportswear-quilted-woven-bolero-sMvs0r/DV8201-754,Nike Sportswear,Women's Quilted Woven Bolero, 3 995, 2 797
295,https://www.nike.com/in/t/dri-fit-victory-striped-sleeveless-golf-polo-zNW9pL/DX1508-100,Nike Dri-FIT Victory,Women's Striped Sleeveless Golf Polo, 2 295, 1 947
296,https://www.nike.com/in/t/one-high-waisted-printed-leggings-xS05t7/DN5468-256,Nike One,Women's High-Waisted Printed Leggings (Plus Size), 3 695, 2 587
297,https://www.nike.com/in/t/dri-fit-victory-camo-golf-polo-LVVgm0/DV7905-025,Nike Dri-FIT Victory+,Men's Camo Golf Polo, 2 895, 2 457
298,https://www.nike.com/in/t/dri-fit-adv-run-division-long-sleeve-running-top-5lKvpL/DQ6639-010,Nike Dri-FIT ADV Run Division,Women's Long-Sleeve Running Top, 3 895, 3 307
299,https://www.nike.com/in/t/blazer-mid-pro-club-shoes-xCk8SQ/DQ7673-300,Nike Blazer Mid Pro Club,Men's Shoes, 9 695, 8 237
300,https://www.nike.com/in/t/dri-fit-victory-striped-golf-polo-4Rt1sQ/DX1504-010,Nike Dri-FIT Victory,Women's Striped Golf Polo, 2 595, 2 207
301,https://www.nike.com/in/t/on-deck-slides-HgfVXx/CU3959-601,Nike On Deck,Women's Slides, 1 695, 1 437
302,https://www.nike.com/in/t/dri-fit-strike-short-sleeve-football-top-kPgjcR/DV9238-010,Nike Dri-FIT Strike,Men's Short-Sleeve Football Top, 2 495, 2 117
303,https://www.nike.com/in/t/dri-fit-academy-football-pants-09mP76/CW6123-010,Nike Dri-FIT Academy,Men's Football Pants, 2 495, 2 117
304,https://www.nike.com/in/t/t-shirt-DZgpB5/DZ2686-100,Nike,Men's T-Shirt, 2 195, 1 867
305,https://www.nike.com/in/t/jordan-sophia-slides-dcq32F/DO8863-601,Jordan Sophia,Women's Slides, 7 495, 6 367
306,https://www.nike.com/in/t/jordan-7-retro-shoes-XKLG2B/DJ2776-081,Jordan 7 Retro,Baby/Toddler Shoes, 4 995, 4 247
307,https://www.nike.com/in/t/dynamo-go-easy-on-off-shoes-st92bW/DH3438-400,Nike Dynamo Go,Baby/Toddler Easy On/Off Shoes, 3 995, 3 397
308,https://www.nike.com/in/t/heritage-cross-body-bag-H57GpC/DB0456-405,Nike Heritage,Cross-Body Bag (4L), 1 395, 1 187
309,https://www.nike.com/in/t/dunk-high-lx-shoes-GrLFbm/DZ7327-001,Nike Dunk High LX,Women's Shoes, 11 995, 8 397
310,https://www.nike.com/in/t/revolution-6-flyease-easy-on-off-road-running-shoes-MMhXMt/DC8997-003,Nike Revolution 6 FlyEase,Women's Easy On/Off Road Running Shoes, 3 695, 3 137
311,https://www.nike.com/in/t/dbreak-type-shoe-psSl1C/DM6440-200,Nike DBreak-Type,Men's Shoe, 8 295, 7 877
312,https://www.nike.com/in/t/dri-fit-swoosh-running-tank-8XR13V/DQ6369-010,Nike Dri-FIT Swoosh,Women's Running Tank, 1 995, 1 397
313,https://www.nike.com/in/t/sportswear-phoenix-fleece-high-waisted-shorts-rwdmvf/DQ5718-010,Nike Sportswear Phoenix Fleece,Women's High-Waisted Shorts, 3 295, 2 307
314,https://www.nike.com/in/t/air-pegasus-83-shoes-CdC365/DH8229-001,Nike Air Pegasus 83,Men's Shoes, 8 195, 6 967
315,https://www.nike.com/in/t/vomero-16-road-running-shoes-h0KMSg/DA7245-601,Nike Vomero 16,Men's Road Running Shoes, 13 495, 11 467
316,https://www.nike.com/in/t/sb-zoom-blazer-mid-skate-shoes-Gwfzrc/DV7898-600,Nike SB Zoom Blazer Mid Premium,Skate Shoes, 9 695, 8 237
317,https://www.nike.com/in/t/air-classic99-cap-GMtvHk/DH2423-010,Nike Air Classic99,Cap, 1 295, 1 097
318,https://www.nike.com/in/t/waffle-one-se-shoes-4PgbzS/DV0810-001,Nike Waffle One SE,Men's Shoes, 9 695, 8 237
319,https://www.nike.com/in/t/aerobill-tailwind-running-cap-zzWzJC/BV2204-100,Nike AeroBill Tailwind,Running Cap, 1 295, 1 097
320,https://www.nike.com/in/t/cortez-23-shoes-BnxCJZ/FD2013-100,Nike Cortez '23,Women's Shoes, 10 795, 9 177
321,https://www.nike.com/in/t/e-series-ad-shoes-hLR5pR/DV2436-002,Nike E-Series AD,Men's Shoes, 6 295, 5 347
322,https://www.nike.com/in/t/air-jordan-1-elevate-low-shoes-XlkVrM/DH7004-101,Air Jordan 1 Elevate Low,Women's Shoes, 11 895, 10 107
323,https://www.nike.com/in/t/rival-fly-3-road-racing-shoes-XbhTCL/CT2405-606,Nike Rival Fly 3,Men's Road Racing Shoes, 8 195, 6 967
324,https://www.nike.com/in/t/air-older-pullover-hoodie-8n6BS7/DX5132-468,Nike Air,Older Kids' Pullover Hoodie, 3 895, 3 307
325,https://www.nike.com/in/t/kiger-9-trail-running-shoes-pWCp9q/DR2693-400,Nike Kiger 9,Men's Trail-Running Shoes, 12 795, 10 877
326,https://www.nike.com/in/t/dri-fit-long-sleeve-fitness-top-W35Vmm/DX0903-113,Nike Dri-FIT,Men's Long-Sleeve Fitness Top, 3 995, 2 797
327,https://www.nike.com/in/t/dri-fit-heritage-short-sleeve-running-top-q6wlrq/DM4798-475,Nike Dri-FIT Heritage,Men's Short-Sleeve Running Top, 2 195, 1 867
328,https://www.nike.com/in/t/air-max-270-go-older-easy-on-off-shoes-dlD632/DV1968-100,Nike Air Max 270 GO,Older Kids' Easy On/Off Shoes, 9 995, 8 497
329,https://www.nike.com/in/t/superrep-cycle-2-next-nature-indoor-cycling-shoes-ZhSL67/DH3396-401,Nike SuperRep Cycle 2 Next Nature,Indoor Cycling Shoes, 10 295, 7 207
330,https://www.nike.com/in/t/jordan-hex-slides-bmXBbr/DQ8992-300,Jordan Hex,Women's Slides, 4 195, 3 567
331,https://www.nike.com/in/t/serena-williams-design-crew-stash-duffel-bag-H7nKRG/DV9251-100,Serena Williams Design Crew,Stash Duffel Bag (21L), 2 995, 2 547
332,https://www.nike.com/in/t/air-force-1-sculpt-shoes-XDWVkt/DC3590-105,Nike Air Force 1 Sculpt,Women's Shoes, 10 295, 7 207
333,https://www.nike.com/in/t/dri-fit-run-division-challenger-18cm-brief-lined-running-shorts-dWS9bs/DV9266-010,Nike Dri-FIT Run Division Challenger,Men's 18cm (approx.) Brief-Lined Running Shorts, 2 495, 2 117
334,https://www.nike.com/in/t/jordan-sophia-slides-dcq32F/DO8863-701,Jordan Sophia,Women's Slides, 7 495, 5 247
335,https://www.nike.com/in/t/air-max-flyknit-racer-shoes-tTv54H/FD4610-001,Nike Air Max Flyknit Racer,Men's Shoes, 14 995, 12 747
336,https://www.nike.com/in/t/air-jordan-1-low-shoes-459b4T/DC0774-501,Air Jordan 1 Low,Women's Shoes, 8 295, 7 047
337,https://www.nike.com/in/t/one-older-dri-fit-training-tank-hJBdGW/DH5215-100,Nike One,Older Kids' (Girls') Dri-FIT Training Tank, 1 395, 1 187
338,https://www.nike.com/in/t/jordan-flight-t-shirt-q2hkhk/DX0428-274,Jordan Flight,Women's T-Shirt, 2 795, 1 957
339,https://www.nike.com/in/t/dri-fit-aerobill-legacy91-camo-training-cap-rc1zZQ/DV2992-077,Nike Dri-FIT AeroBill Legacy91,Camo Training Cap, 1 695, 1 437
340,https://www.nike.com/in/t/sportswear-icon-clash-windrunner-older-jacket-XGsL2h/DQ8879-085,Nike Sportswear Icon Clash Windrunner,Older Kids' (Girls') Jacket, 3 895, 3 307
341,https://www.nike.com/in/t/air-max-97-shoe-EBZrb8/921826-001,Nike Air Max 97,Men's Shoes, 16 995, 14 447
342,https://www.nike.com/in/t/react-escape-run-2-road-running-shoes-0xqNHz/FD0368-100,Nike React Escape Run 2,Women's Road Running Shoes, 9 695, 8 237
343,https://www.nike.com/in/t/air-max-systm-shoes-htD0rS/FD0825-600,Nike Air Max SYSTM,Women's Shoes, 9 195, 7 817
344,https://www.nike.com/in/t/swoosh-older-reversible-sports-bra-7FtThj/DV3295-551,Nike Swoosh,Older Kids' (Girls') Reversible Sports Bra, 1 795, 1 527
345,https://www.nike.com/in/t/dunk-low-shoes-jRHJJW/FD1233-001,Nike Dunk Low,Baby/Toddler Shoes, 3 495, 2 967
346,https://www.nike.com/in/t/sb-zoom-blazer-mid-skate-shoe-cM9sg4/864349-110,Nike SB Zoom Blazer Mid,Skate Shoe, 7 195, 6 117
347,https://www.nike.com/in/t/jordan-adg-4-golf-shoes-VrRj2T/DM0103-057,Jordan ADG 4,Men's Golf Shoes, 17 295, 14 697
348,https://www.nike.com/in/t/kiger-8-trail-running-shoes-gVwLbV/DH0649-801,Nike Kiger 8,Men's Trail-Running Shoes, 12 995, 9 097
349,https://www.nike.com/in/t/sportswear-windrunner-1-2-zip-lined-hooded-jacket-kD7zkj/FD0903-333,Nike Sportswear Windrunner,Men's 1/2-Zip Lined Hooded Jacket, 5 495, 4 667
350,https://www.nike.com/in/t/liverpool-fc-2022-23-stadium-away-dri-fit-football-shirt-Cxq95h/DN2732-101,Liverpool F.C. 2022/23 Stadium Away,Women's Nike Dri-FIT Football Shirt, 4 695, 3 287
351,https://www.nike.com/in/t/jumpman-two-trey-shoes-rhmBzG/DO1925-104,Jumpman Two Trey,Men's Shoes, 13 995, 9 797
352,https://www.nike.com/in/t/air-jordan-1-mid-se-older-shoes-7hSWff/DV1336-800,Air Jordan 1 Mid SE,Older Kids' Shoes, 8 695, 7 387
353,https://www.nike.com/in/t/asuna-2-slides-9CjWbM/DC1457-001,Nike Asuna 2,Men's Slides, 2 995, 2 547
354,https://www.nike.com/in/t/metcon-8-training-shoes-DNz7Sg/DQ4681-100,Nike Metcon 8 Premium,Women's Training Shoes, 12 795, 10 877
355,https://www.nike.com/in/t/downshifter-12-older-road-running-shoes-V10vNr/DM4194-600,Nike Downshifter 12,Older Kids' Road Running Shoes, 3 895, 3 307
356,https://www.nike.com/in/t/revolution-6-road-running-shoes-vjrrwc/DC3729-011,Nike Revolution 6,Women's Road Running Shoes, 3 695, 2 587
357,https://www.nike.com/in/t/pegasus-39-road-running-shoes-kmZSD6/DH4071-401,Nike Pegasus 39,Men's Road Running Shoes, 10 495, 8 917
358,https://www.nike.com/in/t/zenvy-gentle-support-high-waisted-7-8-leggings-m78Wdj/DQ6016-655,Nike Zenvy,Women's Gentle-Support High-Waisted 7/8 Leggings, 5 495, 4 667
359,https://www.nike.com/in/t/air-max-tw-se-shoes-8CTsWh/DV1232-100,Nike Air Max TW SE,Men's Shoes, 15 995, 13 597
360,https://www.nike.com/in/t/victori-one-slides-S8jGK6/DZ6249-600,Nike Victori One,Women's Slides, 2 595, 1 817
361,https://www.nike.com/in/t/victori-one-slides-S8jGK6/DZ6249-600,Nike Victori One,Women's Slides, 2 595, 1 817
362,https://www.nike.com/in/t/dri-fit-unscripted-golf-polo-F9Z8Hg/DX9217-101,Nike Dri-FIT Unscripted,Men's Golf Polo, 2 995, 2 097
363,https://www.nike.com/in/t/acg-wolf-tree-top-70jn3j/DQ5843-532,"Nike ACG ""Wolf Tree""",Women's Top, 6 995, 4 897
364,https://www.nike.com/in/t/nikecourt-air-zoom-vapor-pro-2-hard-court-tennis-shoes-M9c7Rs/DR6192-600,NikeCourt Air Zoom Vapor Pro 2,Women's Hard Court Tennis Shoes, 10 795, 7 557
365,https://www.nike.com/in/t/air-max-excee-shoe-lPbXqt/CD4165-117,Nike Air Max Excee,Men's Shoe, 7 995, 6 797
366,https://www.nike.com/in/t/sportswear-t-shirt-jwjrmh/DR8065-010,Nike Sportswear,Men's T-Shirt, 1 595, 1 357
367,https://www.nike.com/in/t/air-force-1-07-lx-shoes-sXKLvF/CT1990-100,Nike Air Force 1 '07 LX,Women's Shoes, 9 295, 7 897
368,https://www.nike.com/in/t/pegasus-trail-4-trail-running-shoes-LP9MFR/DJ6158-700,Nike Pegasus Trail 4,Men's Trail-Running Shoes, 11 595, 9 857
369,https://www.nike.com/in/t/free-metcon-4-training-shoes-WK9VZ7/DQ4678-100,Nike Free Metcon 4 Premium,Women's Training Shoes, 11 895, 10 107
370,https://www.nike.com/in/t/legend-essential-3-next-nature-training-shoes-sJBRlm/DM1119-602,Nike Legend Essential 3 Next Nature,Women's Training Shoes, 4 995, 4 247
371,https://www.nike.com/in/t/jordan-hex-slides-bmXBbr/DQ8992-100,Jordan Hex,Women's Slides, 4 195, 3 567
372,https://www.nike.com/in/t/air-force-1-07-lx-shoes-jzdMv2/DR0148-300,Nike Air Force 1 '07 LX,Women's Shoes, 11 895, 10 107
373,https://www.nike.com/in/t/air-force-1-lv8-3-older-shoes-4stfcl/DV1622-100,Nike Air Force 1 LV8 3,Older Kids' Shoes, 7 495, 5 247
374,https://www.nike.com/in/t/sb-zoom-pogo-plus-skate-shoes-X1kfBm/DV5470-001,Nike SB Zoom Pogo Plus Premium,Skate Shoes, 8 495, 5 947
375,https://www.nike.com/in/t/dri-fit-run-division-short-sleeve-running-top-dk7c3G/DX0200-015,Nike Dri-FIT Run Division,Women's Short-Sleeve Running Top, 4 695, 3 987
376,https://www.nike.com/in/t/jordan-delta-3-low-shoes-fQrm6Q/DN2647-200,Jordan Delta 3 Low,Men's Shoes, 12 795, 8 957
377,https://www.nike.com/in/t/free-run-5-road-running-shoes-R4vrvm/CZ1891-602,Nike Free Run 5.0,Women's Road Running Shoes, 8 295, 5 807
378,https://www.nike.com/in/t/wildhorse-8-trail-running-shoes-jmMdD9/DR2689-400,Nike Wildhorse 8,Women's Trail-Running Shoes, 11 895, 10 107
379,https://www.nike.com/in/t/forward-crew-crew-2ddJMh/DQ4265-084,Nike Forward Crew,Men's Crew, 6 495, 4 547
380,https://www.nike.com/in/t/zoom-rival-athletics-sprinting-spikes-QNwNt9/DC8753-600,Nike Zoom Rival,Athletics Sprinting Spikes, 5 695, 4 837
381,https://www.nike.com/in/t/air-older-trousers-k3T5Hw/DX5130-468,Nike Air,Older Kids' Trousers, 3 895, 3 307
382,https://www.nike.com/in/t/zoom-rival-athletics-distance-spikes-JBSvwB/DC8725-600,Nike Zoom Rival,Athletics Distance Spikes, 5 695, 4 837
383,https://www.nike.com/in/t/nikecourt-aerobill-advantage-tennis-cap-L00FgB/CQ9332-100,NikeCourt AeroBill Advantage,Tennis Cap, 1 295, 1 097
384,https://www.nike.com/in/t/superrep-go-3-next-nature-flyknit-training-shoes-mxKptW/DH3394-008,Nike SuperRep Go 3 Next Nature Flyknit,Men's Training Shoes, 8 895, 6 227
385,https://www.nike.com/in/t/zoom-rival-athletics-distance-spikes-JBSvwB/DC8725-600,Nike Zoom Rival,Athletics Distance Spikes, 5 695, 4 837
386,https://www.nike.com/in/t/nikecourt-aerobill-advantage-tennis-cap-L00FgB/CQ9332-100,NikeCourt AeroBill Advantage,Tennis Cap, 1 295, 1 097
387,https://www.nike.com/in/t/superrep-go-3-next-nature-flyknit-training-shoes-mxKptW/DH3394-008,Nike SuperRep Go 3 Next Nature Flyknit,Men's Training Shoes, 8 895, 6 227
388,https://www.nike.com/in/t/air-older-french-terry-trousers-Rrc0BN/DX5041-532,Nike Air,Older Kids' (Girls') French Terry Trousers, 2 595, 1 817
389,https://www.nike.com/in/t/force-1-low-se-shoes-Bx4pJz/FJ3488-100,Nike Force 1 Low SE,Baby/Toddler Shoes, 4 995, 4 247
390,https://www.nike.com/in/t/air-penny-2-shoes-qxR4SD/DV3465-001,Nike Air Penny 2,Men's Shoes, 18 395, 12 877
391,https://www.nike.com/in/t/air-max-90-se-shoes-7dKD8F/FB4315-100,Nike Air Max 90 SE,Men's Shoes, 12 795, 10 877
392,https://www.nike.com/in/t/cosmic-unity-2-basketball-shoes-S6n2s3/DH1537-004,Nike Cosmic Unity 2,Basketball Shoes, 13 995, 9 797
393,https://www.nike.com/in/t/max90-all-over-print-basketball-t-shirt-Bg6CnP/DZ2699-010,Nike Max90,Men's All-over Print Basketball T-Shirt, 2 195, 1 867
394,https://www.nike.com/in/t/air-max-flyknit-racer-shoes-Q9lN71/DJ6106-001,Nike Air Max Flyknit Racer,Men's Shoes, 14 995, 12 747
395,https://www.nike.com/in/t/free-run-5-road-running-shoes-m8L9mr/CZ1884-102,Nike Free Run 5.0,Men's Road Running Shoes, 8 295, 5 807
396,https://www.nike.com/in/t/force-1-lv8-3-younger-shoes-ctV5K6/CJ4113-002,Nike Force 1 LV8 3,Younger Kids' Shoes, 6 295, 5 347
397,https://www.nike.com/in/t/jordan-nu-retro-1-low-shoes-8294mJ/DV5141-401,Jordan Nu Retro 1 Low,Men's Shoes, 9 195, 7 817
398,https://www.nike.com/in/t/jordan-max-aura-4-shoes-cKMcXJ/DN3687-101,Jordan Max Aura 4,Men's Shoes, 11 295, 9 597
399,https://www.nike.com/in/t/air-zoom-victory-athletics-distance-spikes-4MFFfp/CD4385-600,Nike Air Zoom Victory,Athletics Distance Spikes, 15 995, 13 597
400,https://www.nike.com/in/t/sportswear-icon-clash-short-sleeve-tie-top-GdbMh0/DM6575-100,Nike Sportswear Icon Clash,Women's Short-Sleeve Tie Top, 2 895, 2 457
401,https://www.nike.com/in/t/vaporfly-2-road-racing-shoes-g7SwK7/DZ4779-304,Nike Vaporfly 2,Men's Road Racing Shoes, 20 695, 14 487
402,https://www.nike.com/in/t/paris-saint-germain-statement-pullover-hoodie-2tn1mG/DM3100-100,Paris Saint-Germain,Men's Statement Pullover Hoodie, 5 495, 3 847
403,https://www.nike.com/in/t/blazer-mid-77-se-shoes-RZSLVV/DV7003-100,Nike Blazer Mid '77 SE,Women's Shoes, 9 695, 6 787
404,https://www.nike.com/in/t/air-force-1-react-shoes-mm8pv3/DV0808-100,Nike Air Force 1 React,Men's Shoes, 13 295, 9 307
405,https://www.nike.com/in/t/waffle-debut-shoes-JRWJk7/DH9522-103,Nike Waffle Debut,Men's Shoes, 5 695, 4 837
406,https://www.nike.com/in/t/sb-nyjah-3-skate-shoes-m8NZxm/DJ6130-002,Nike SB Nyjah 3,Skate Shoes, 8 695, 7 387
407,https://www.nike.com/in/t/vomero-16-road-running-shoes-h0KMSg/DA7245-001,Nike Vomero 16,Men's Road Running Shoes, 13 495, 11 467
408,https://www.nike.com/in/t/offline-3-mules-93ljNp/DJ5226-200,Nike Offline 3.0,Mules, 9 695, 6 787
409,https://www.nike.com/in/t/mercurial-vapor-15-academy-football-shoes-L8JgP4/DJ5635-146,Nike Mercurial Vapor 15 Academy,Turf Football Shoes, 7 995, 6 797
410,https://www.nike.com/in/t/sportswear-oversized-t-shirt-ptNVST/FB9767-030,Nike Sportswear,Men's Oversized T-shirt, 3 095, 2 627
411,https://www.nike.com/in/t/liverpool-fc-2022-23-match-away-dri-fit-adv-football-shirt-m4R8j2/DN2708-101,Liverpool F.C. 2022/23 Match Away,Men's Nike Dri-FIT ADV Football Shirt, 7 995, 5 597
412,https://www.nike.com/in/t/zoom-mamba-6-athletics-distance-spikes-JdTpQM/DR2733-100,Nike Zoom Mamba 6,Athletics Distance Spikes, 9 695, 8 237
413,https://www.nike.com/in/t/paris-saint-germain-2022-23-match-home-dri-fit-adv-football-shirt-W0rmh0/DJ7649-411,Paris Saint-Germain 2022/23 Match Home,Men's Nike Dri-FIT ADV Football Shirt, 7 995, 5 597
414,https://www.nike.com/in/t/force-1-low-se-younger-shoes-9sVtdQ/FJ3485-100,Nike Force 1 Low SE,Younger Kids' Shoes, 5 995, 5 097
415,https://www.nike.com/in/t/sportswear-heritage86-adjustable-hat-mGg30s/CQ9512-010,Nike Sportswear Heritage86,Adjustable Hat, 1 195, 1 017
416,https://www.nike.com/in/t/dri-fit-adv-aps-woven-fitness-trousers-XKwcGD/DQ4823-010,Nike Dri-FIT ADV A.P.S.,Men's Woven Fitness Trousers, 6 295, 4 407
417,https://www.nike.com/in/t/lebron-20-christmas-ep-basketball-shoes-ffXW69/FJ4956-300,LeBron 20 Christmas EP,Basketball Shoes, 19 295, 16 397
418,https://www.nike.com/in/t/aerobill-tailwind-running-cap-zzWzJC/BV2204-010,Nike AeroBill Tailwind,Running Cap, 1 295, 1 097
419,https://www.nike.com/in/t/dunk-high-shoes-7n24PP/FD0802-100,Nike Dunk High,Women's Shoes, 11 895, 7 137
420,https://www.nike.com/in/t/air-dri-fit-everyday-plus-lightweight-no-show-socks-SKxZgM/DR9843-903,Nike Air Dri-FIT Everyday Plus,Lightweight No-Show Socks (3 Pairs), 1 395, 1 187
421,https://www.nike.com/in/t/acg-outdoor-cushioned-crew-socks-wklxjC/DV5465-500,Nike ACG,Outdoor Cushioned Crew Socks, 1 595, 1 117
422,https://www.nike.com/in/t/everyday-essential-crew-socks-VKXr4t/DH6170-902,Nike Everyday Essential,Crew Socks, 1 095,927
423,https://www.nike.com/in/t/zion-flight-crew-socks-54gwps/CU7914-100,Zion Flight,Crew Socks,895,757
424,https://www.nike.com/in/t/acg-outdoor-cushioned-crew-socks-wklxjC/DV5465-100,Nike ACG,Outdoor Cushioned Crew Socks, 1 595, 1 357
425,https://www.nike.com/in/t/dri-fit-everyday-house-crew-socks-J4K40L/DR9994-034,Nike Dri-FIT Everyday,House Crew Socks (1 Pair), 1 595, 1 357
426,https://www.nike.com/in/t/jordan-everyday-no-show-socks-cT9mkH/DX9656-902,Jordan,Everyday No-Show Socks (3 Pairs), 1 295, 1 097
427,https://www.nike.com/in/t/everyday-plus-cushioned-training-crew-socks-x58Kw5/DD2795-602,Nike Everyday Plus Cushioned,Training Crew Socks,495,417
428,https://www.nike.com/in/t/air-dri-fit-everyday-plus-lightweight-no-show-socks-SKxZgM/DR9843-904,Nike Air Dri-FIT Everyday Plus,Lightweight No-Show Socks (3 Pairs), 1 395, 1 187
429,https://www.nike.com/in/t/dri-fit-everyday-house-crew-socks-J4K40L/DR9994-113,Nike Dri-FIT Everyday,House Crew Socks (1 Pair), 1 595, 1 357
